Folds number,Fold,Random State,Dropout probability,Activation function,Learning Rate,Epochs,Layers number,Hidden Size,RMSE
5,1,100,0.5,ReLU,0.01,100,1,16,4.463099
5,1,100,0.5,Tanh,0.01,100,1,16,27.943628
5,1,100,0.5,Sigmoid,0.01,100,1,16,29.36679
5,1,100,0.5,Softmax,0.01,100,1,16,38.1668
5,1,100,0.5,GELU,0.01,100,1,16,4.352362
5,1,100,0.5,ReLU,0.01,100,2,16,9.505869
5,1,100,0.5,Tanh,0.01,100,2,16,27.424047
5,1,100,0.5,Sigmoid,0.01,100,2,16,28.743973
5,1,100,0.5,Softmax,0.01,100,2,16,38.19727
5,1,100,0.5,GELU,0.01,100,2,16,8.527775
5,1,100,0.5,ReLU,0.01,100,3,16,9.636369
5,1,100,0.5,Tanh,0.01,100,3,16,27.549133
5,1,100,0.5,Sigmoid,0.01,100,3,16,29.112911
5,1,100,0.5,Softmax,0.01,100,3,16,38.03293
5,1,100,0.5,GELU,0.01,100,3,16,12.339978
5,1,100,0.5,ReLU,0.01,100,4,16,11.684505
5,1,100,0.5,Tanh,0.01,100,4,16,27.087866
5,1,100,0.5,Sigmoid,0.01,100,4,16,29.340649
5,1,100,0.5,Softmax,0.01,100,4,16,37.94386
5,1,100,0.5,GELU,0.01,100,4,16,11.992149
5,1,100,0.5,ReLU,0.01,100,1,32,2.0636241
5,1,100,0.5,Tanh,0.01,100,1,32,19.729902
5,1,100,0.5,Sigmoid,0.01,100,1,32,21.876076
5,1,100,0.5,Softmax,0.01,100,1,32,38.1842
5,1,100,0.5,GELU,0.01,100,1,32,2.4687297
5,1,100,0.5,ReLU,0.01,100,2,32,5.0919123
5,1,100,0.5,Tanh,0.01,100,2,32,19.968185
5,1,100,0.5,Sigmoid,0.01,100,2,32,22.305384
5,1,100,0.5,Softmax,0.01,100,2,32,37.96095
5,1,100,0.5,GELU,0.01,100,2,32,3.7299185
5,1,100,0.5,ReLU,0.01,100,3,32,5.786541
5,1,100,0.5,Tanh,0.01,100,3,32,19.634214
5,1,100,0.5,Sigmoid,0.01,100,3,32,22.13589
5,1,100,0.5,Softmax,0.01,100,3,32,38.191483
5,1,100,0.5,GELU,0.01,100,3,32,4.5319934
5,1,100,0.5,ReLU,0.01,100,4,32,9.985202
5,1,100,0.5,Tanh,0.01,100,4,32,19.797697
5,1,100,0.5,Sigmoid,0.01,100,4,32,22.105299
5,1,100,0.5,Softmax,0.01,100,4,32,38.108604
5,1,100,0.5,GELU,0.01,100,4,32,6.8755164
5,1,100,0.5,ReLU,0.01,100,1,64,2.163326
5,1,100,0.5,Tanh,0.01,100,1,64,11.658798
5,1,100,0.5,Sigmoid,0.01,100,1,64,16.811672
5,1,100,0.5,Softmax,0.01,100,1,64,37.965427
5,1,100,0.5,GELU,0.01,100,1,64,1.432989
5,1,100,0.5,ReLU,0.01,100,2,64,2.6399994
5,1,100,0.5,Tanh,0.01,100,2,64,17.8432
5,1,100,0.5,Sigmoid,0.01,100,2,64,16.828491
5,1,100,0.5,Softmax,0.01,100,2,64,38.079357
5,1,100,0.5,GELU,0.01,100,2,64,2.9135256
5,1,100,0.5,ReLU,0.01,100,3,64,3.7767258
5,1,100,0.5,Tanh,0.01,100,3,64,17.776304
5,1,100,0.5,Sigmoid,0.01,100,3,64,16.80069
5,1,100,0.5,Softmax,0.01,100,3,64,37.965473
5,1,100,0.5,GELU,0.01,100,3,64,2.5253403
5,1,100,0.5,ReLU,0.01,100,4,64,9.051704
5,1,100,0.5,Tanh,0.01,100,4,64,17.823624
5,1,100,0.5,Sigmoid,0.01,100,4,64,16.831833
5,1,100,0.5,Softmax,0.01,100,4,64,38.186417
5,1,100,0.5,GELU,0.01,100,4,64,3.0910544
5,1,100,0.5,ReLU,0.01,100,1,128,1.2026573
5,1,100,0.5,Tanh,0.01,100,1,128,15.50371
5,1,100,0.5,Sigmoid,0.01,100,1,128,16.447212
5,1,100,0.5,Softmax,0.01,100,1,128,38.003376
5,1,100,0.5,GELU,0.01,100,1,128,0.61055285
5,1,100,0.5,ReLU,0.01,100,2,128,1.0296978
5,1,100,0.5,Tanh,0.01,100,2,128,25.88536
5,1,100,0.5,Sigmoid,0.01,100,2,128,16.765488
5,1,100,0.5,Softmax,0.01,100,2,128,38.111115
5,1,100,0.5,GELU,0.01,100,2,128,1.1256739
5,1,100,0.5,ReLU,0.01,100,3,128,2.7658293
5,1,100,0.5,Tanh,0.01,100,3,128,25.942263
5,1,100,0.5,Sigmoid,0.01,100,3,128,16.768589
5,1,100,0.5,Softmax,0.01,100,3,128,38.04218
5,1,100,0.5,GELU,0.01,100,3,128,2.3535554
5,1,100,0.5,ReLU,0.01,100,4,128,3.6629462
5,1,100,0.5,Tanh,0.01,100,4,128,25.82877
5,1,100,0.5,Sigmoid,0.01,100,4,128,16.766806
5,1,100,0.5,Softmax,0.01,100,4,128,38.00248
5,1,100,0.5,GELU,0.01,100,4,128,2.9455845
5,1,100,0.5,ReLU,0.01,100,1,256,0.52482456
5,1,100,0.5,Tanh,0.01,100,1,256,20.916115
5,1,100,0.5,Sigmoid,0.01,100,1,256,16.455729
5,1,100,0.5,Softmax,0.01,100,1,256,38.021442
5,1,100,0.5,GELU,0.01,100,1,256,0.3144229
5,1,100,0.5,ReLU,0.01,100,2,256,0.9002895
5,1,100,0.5,Tanh,0.01,100,2,256,18.576979
5,1,100,0.5,Sigmoid,0.01,100,2,256,16.75402
5,1,100,0.5,Softmax,0.01,100,2,256,38.092632
5,1,100,0.5,GELU,0.01,100,2,256,0.5757383
5,1,100,0.5,ReLU,0.01,100,3,256,1.3725321
5,1,100,0.5,Tanh,0.01,100,3,256,25.8921
5,1,100,0.5,Sigmoid,0.01,100,3,256,16.75212
5,1,100,0.5,Softmax,0.01,100,3,256,38.029297
5,1,100,0.5,GELU,0.01,100,3,256,2.502325
5,1,100,0.5,ReLU,0.01,100,4,256,6.987444
5,1,100,0.5,Tanh,0.01,100,4,256,25.94685
5,1,100,0.5,Sigmoid,0.01,100,4,256,16.74381
5,1,100,0.5,Softmax,0.01,100,4,256,38.126842
5,1,100,0.5,GELU,0.01,100,4,256,7.575236
5,1,100,0.5,ReLU,0.01,150,1,16,6.0284467
5,1,100,0.5,Tanh,0.01,150,1,16,23.481709
5,1,100,0.5,Sigmoid,0.01,150,1,16,24.974176
5,1,100,0.5,Softmax,0.01,150,1,16,37.318123
5,1,100,0.5,GELU,0.01,150,1,16,4.87315
5,1,100,0.5,ReLU,0.01,150,2,16,5.255206
5,1,100,0.5,Tanh,0.01,150,2,16,23.238434
5,1,100,0.5,Sigmoid,0.01,150,2,16,25.247364
5,1,100,0.5,Softmax,0.01,150,2,16,36.97907
5,1,100,0.5,GELU,0.01,150,2,16,7.458919
5,1,100,0.5,ReLU,0.01,150,3,16,7.065076
5,1,100,0.5,Tanh,0.01,150,3,16,23.273335
5,1,100,0.5,Sigmoid,0.01,150,3,16,25.211704
5,1,100,0.5,Softmax,0.01,150,3,16,37.280613
5,1,100,0.5,GELU,0.01,150,3,16,7.9365754
5,1,100,0.5,ReLU,0.01,150,4,16,11.755288
5,1,100,0.5,Tanh,0.01,150,4,16,23.121122
5,1,100,0.5,Sigmoid,0.01,150,4,16,24.878502
5,1,100,0.5,Softmax,0.01,150,4,16,37.33199
5,1,100,0.5,GELU,0.01,150,4,16,8.328488
5,1,100,0.5,ReLU,0.01,150,1,32,1.941607
5,1,100,0.5,Tanh,0.01,150,1,32,14.011659
5,1,100,0.5,Sigmoid,0.01,150,1,32,18.18218
5,1,100,0.5,Softmax,0.01,150,1,32,37.118183
5,1,100,0.5,GELU,0.01,150,1,32,2.987273
5,1,100,0.5,ReLU,0.01,150,2,32,3.4194102
5,1,100,0.5,Tanh,0.01,150,2,32,16.815178
5,1,100,0.5,Sigmoid,0.01,150,2,32,18.136408
5,1,100,0.5,Softmax,0.01,150,2,32,37.277588
5,1,100,0.5,GELU,0.01,150,2,32,3.4237938
5,1,100,0.5,ReLU,0.01,150,3,32,8.545164
5,1,100,0.5,Tanh,0.01,150,3,32,16.834167
5,1,100,0.5,Sigmoid,0.01,150,3,32,18.14735
5,1,100,0.5,Softmax,0.01,150,3,32,37.19363
5,1,100,0.5,GELU,0.01,150,3,32,4.968596
5,1,100,0.5,ReLU,0.01,150,4,32,6.951608
5,1,100,0.5,Tanh,0.01,150,4,32,16.822008
5,1,100,0.5,Sigmoid,0.01,150,4,32,18.375183
5,1,100,0.5,Softmax,0.01,150,4,32,37.183758
5,1,100,0.5,GELU,0.01,150,4,32,5.8818035
5,1,100,0.5,ReLU,0.01,150,1,64,1.9509892
5,1,100,0.5,Tanh,0.01,150,1,64,12.144103
5,1,100,0.5,Sigmoid,0.01,150,1,64,13.550332
5,1,100,0.5,Softmax,0.01,150,1,64,37.184696
5,1,100,0.5,GELU,0.01,150,1,64,1.5344148
5,1,100,0.5,ReLU,0.01,150,2,64,1.7447255
5,1,100,0.5,Tanh,0.01,150,2,64,13.043596
5,1,100,0.5,Sigmoid,0.01,150,2,64,16.749878
5,1,100,0.5,Softmax,0.01,150,2,64,37.191082
5,1,100,0.5,GELU,0.01,150,2,64,2.3448675
5,1,100,0.5,ReLU,0.01,150,3,64,7.0324736
5,1,100,0.5,Tanh,0.01,150,3,64,22.278954
5,1,100,0.5,Sigmoid,0.01,150,3,64,16.747902
5,1,100,0.5,Softmax,0.01,150,3,64,37.271587
5,1,100,0.5,GELU,0.01,150,3,64,3.055686
5,1,100,0.5,ReLU,0.01,150,4,64,5.478445
5,1,100,0.5,Tanh,0.01,150,4,64,22.205093
5,1,100,0.5,Sigmoid,0.01,150,4,64,16.745987
5,1,100,0.5,Softmax,0.01,150,4,64,37.125736
5,1,100,0.5,GELU,0.01,150,4,64,2.2320662
5,1,100,0.5,ReLU,0.01,150,1,128,0.7756338
5,1,100,0.5,Tanh,0.01,150,1,128,18.066133
5,1,100,0.5,Sigmoid,0.01,150,1,128,16.22186
5,1,100,0.5,Softmax,0.01,150,1,128,37.20563
5,1,100,0.5,GELU,0.01,150,1,128,0.66393924
5,1,100,0.5,ReLU,0.01,150,2,128,1.2255367
5,1,100,0.5,Tanh,0.01,150,2,128,18.232294
5,1,100,0.5,Sigmoid,0.01,150,2,128,16.742367
5,1,100,0.5,Softmax,0.01,150,2,128,37.254276
5,1,100,0.5,GELU,0.01,150,2,128,2.517516
5,1,100,0.5,ReLU,0.01,150,3,128,2.1952772
5,1,100,0.5,Tanh,0.01,150,3,128,25.726593
5,1,100,0.5,Sigmoid,0.01,150,3,128,16.738821
5,1,100,0.5,Softmax,0.01,150,3,128,37.264282
5,1,100,0.5,GELU,0.01,150,3,128,3.5025084
5,1,100,0.5,ReLU,0.01,150,4,128,4.3247385
5,1,100,0.5,Tanh,0.01,150,4,128,25.672087
5,1,100,0.5,Sigmoid,0.01,150,4,128,16.739079
5,1,100,0.5,Softmax,0.01,150,4,128,37.24782
5,1,100,0.5,GELU,0.01,150,4,128,4.251449
5,1,100,0.5,ReLU,0.01,150,1,256,0.17596535
5,1,100,0.5,Tanh,0.01,150,1,256,21.793917
5,1,100,0.5,Sigmoid,0.01,150,1,256,16.46827
5,1,100,0.5,Softmax,0.01,150,1,256,37.24286
5,1,100,0.5,GELU,0.01,150,1,256,0.30671155
5,1,100,0.5,ReLU,0.01,150,2,256,0.2392656
5,1,100,0.5,Tanh,0.01,150,2,256,21.399546
5,1,100,0.5,Sigmoid,0.01,150,2,256,16.736738
5,1,100,0.5,Softmax,0.01,150,2,256,37.255432
5,1,100,0.5,GELU,0.01,150,2,256,1.6537193
5,1,100,0.5,ReLU,0.01,150,3,256,0.8782282
5,1,100,0.5,Tanh,0.01,150,3,256,25.927378
5,1,100,0.5,Sigmoid,0.01,150,3,256,16.736183
5,1,100,0.5,Softmax,0.01,150,3,256,37.16246
5,1,100,0.5,GELU,0.01,150,3,256,2.8655941
5,1,100,0.5,ReLU,0.01,150,4,256,10.251862
5,1,100,0.5,Tanh,0.01,150,4,256,25.922934
5,1,100,0.5,Sigmoid,0.01,150,4,256,16.73797
5,1,100,0.5,Softmax,0.01,150,4,256,37.25372
5,1,100,0.5,GELU,0.01,150,4,256,2.3588257
5,1,100,0.5,ReLU,0.01,200,1,16,3.7840168
5,1,100,0.5,Tanh,0.01,200,1,16,19.766438
5,1,100,0.5,Sigmoid,0.01,200,1,16,22.3454
5,1,100,0.5,Softmax,0.01,200,1,16,36.350628
5,1,100,0.5,GELU,0.01,200,1,16,4.31311
5,1,100,0.5,ReLU,0.01,200,2,16,13.187393
5,1,100,0.5,Tanh,0.01,200,2,16,19.888592
5,1,100,0.5,Sigmoid,0.01,200,2,16,22.096647
5,1,100,0.5,Softmax,0.01,200,2,16,36.113464
5,1,100,0.5,GELU,0.01,200,2,16,6.0362344
5,1,100,0.5,ReLU,0.01,200,3,16,7.9907746
5,1,100,0.5,Tanh,0.01,200,3,16,19.861961
5,1,100,0.5,Sigmoid,0.01,200,3,16,21.986147
5,1,100,0.5,Softmax,0.01,200,3,16,36.37003
5,1,100,0.5,GELU,0.01,200,3,16,7.9440618
5,1,100,0.5,ReLU,0.01,200,4,16,11.372932
5,1,100,0.5,Tanh,0.01,200,4,16,19.885447
5,1,100,0.5,Sigmoid,0.01,200,4,16,22.13557
5,1,100,0.5,Softmax,0.01,200,4,16,36.364395
5,1,100,0.5,GELU,0.01,200,4,16,8.882379
5,1,100,0.5,ReLU,0.01,200,1,32,1.573828
5,1,100,0.5,Tanh,0.01,200,1,32,11.246664
5,1,100,0.5,Sigmoid,0.01,200,1,32,15.41556
5,1,100,0.5,Softmax,0.01,200,1,32,36.38484
5,1,100,0.5,GELU,0.01,200,1,32,2.3128347
5,1,100,0.5,ReLU,0.01,200,2,32,2.3959055
5,1,100,0.5,Tanh,0.01,200,2,32,13.24262
5,1,100,0.5,Sigmoid,0.01,200,2,32,16.975508
5,1,100,0.5,Softmax,0.01,200,2,32,36.41559
5,1,100,0.5,GELU,0.01,200,2,32,3.5151806
5,1,100,0.5,ReLU,0.01,200,3,32,8.977197
5,1,100,0.5,Tanh,0.01,200,3,32,17.45528
5,1,100,0.5,Sigmoid,0.01,200,3,32,16.984493
5,1,100,0.5,Softmax,0.01,200,3,32,36.211624
5,1,100,0.5,GELU,0.01,200,3,32,2.8387532
5,1,100,0.5,ReLU,0.01,200,4,32,9.447433
5,1,100,0.5,Tanh,0.01,200,4,32,17.296751
5,1,100,0.5,Sigmoid,0.01,200,4,32,16.912493
5,1,100,0.5,Softmax,0.01,200,4,32,36.476204
5,1,100,0.5,GELU,0.01,200,4,32,5.545747
5,1,100,0.5,ReLU,0.01,200,1,64,1.2635481
5,1,100,0.5,Tanh,0.01,200,1,64,14.061787
5,1,100,0.5,Sigmoid,0.01,200,1,64,11.927725
5,1,100,0.5,Softmax,0.01,200,1,64,36.344227
5,1,100,0.5,GELU,0.01,200,1,64,1.0246668
5,1,100,0.5,ReLU,0.01,200,2,64,1.6288314
5,1,100,0.5,Tanh,0.01,200,2,64,14.378763
5,1,100,0.5,Sigmoid,0.01,200,2,64,16.77255
5,1,100,0.5,Softmax,0.01,200,2,64,36.367847
5,1,100,0.5,GELU,0.01,200,2,64,2.9481704
5,1,100,0.5,ReLU,0.01,200,3,64,4.7497573
5,1,100,0.5,Tanh,0.01,200,3,64,24.422031
5,1,100,0.5,Sigmoid,0.01,200,3,64,16.773256
5,1,100,0.5,Softmax,0.01,200,3,64,36.323555
5,1,100,0.5,GELU,0.01,200,3,64,3.2329419
5,1,100,0.5,ReLU,0.01,200,4,64,8.785395
5,1,100,0.5,Tanh,0.01,200,4,64,24.431868
5,1,100,0.5,Sigmoid,0.01,200,4,64,16.773062
5,1,100,0.5,Softmax,0.01,200,4,64,36.31322
5,1,100,0.5,GELU,0.01,200,4,64,2.5043838
5,1,100,0.5,ReLU,0.01,200,1,128,0.9171378
5,1,100,0.5,Tanh,0.01,200,1,128,19.833988
5,1,100,0.5,Sigmoid,0.01,200,1,128,15.735102
5,1,100,0.5,Softmax,0.01,200,1,128,36.37425
5,1,100,0.5,GELU,0.01,200,1,128,0.33904687
5,1,100,0.5,ReLU,0.01,200,2,128,0.2777733
5,1,100,0.5,Tanh,0.01,200,2,128,19.64581
5,1,100,0.5,Sigmoid,0.01,200,2,128,16.749487
5,1,100,0.5,Softmax,0.01,200,2,128,36.343033
5,1,100,0.5,GELU,0.01,200,2,128,1.6041033
5,1,100,0.5,ReLU,0.01,200,3,128,3.083889
5,1,100,0.5,Tanh,0.01,200,3,128,25.690613
5,1,100,0.5,Sigmoid,0.01,200,3,128,16.74517
5,1,100,0.5,Softmax,0.01,200,3,128,36.277527
5,1,100,0.5,GELU,0.01,200,3,128,3.104526
5,1,100,0.5,ReLU,0.01,200,4,128,4.8896575
5,1,100,0.5,Tanh,0.01,200,4,128,25.69174
5,1,100,0.5,Sigmoid,0.01,200,4,128,16.744452
5,1,100,0.5,Softmax,0.01,200,4,128,36.28475
5,1,100,0.5,GELU,0.01,200,4,128,2.7180471
5,1,100,0.5,ReLU,0.01,200,1,256,0.7249556
5,1,100,0.5,Tanh,0.01,200,1,256,22.151384
5,1,100,0.5,Sigmoid,0.01,200,1,256,16.380163
5,1,100,0.5,Softmax,0.01,200,1,256,36.382164
5,1,100,0.5,GELU,0.01,200,1,256,0.40701964
5,1,100,0.5,ReLU,0.01,200,2,256,1.4697587
5,1,100,0.5,Tanh,0.01,200,2,256,22.058336
5,1,100,0.5,Sigmoid,0.01,200,2,256,16.73101
5,1,100,0.5,Softmax,0.01,200,2,256,36.330734
5,1,100,0.5,GELU,0.01,200,2,256,1.2933251
5,1,100,0.5,ReLU,0.01,200,3,256,2.6842508
5,1,100,0.5,Tanh,0.01,200,3,256,26.018929
5,1,100,0.5,Sigmoid,0.01,200,3,256,16.734648
5,1,100,0.5,Softmax,0.01,200,3,256,36.367672
5,1,100,0.5,GELU,0.01,200,3,256,2.162926
5,1,100,0.5,ReLU,0.01,200,4,256,18.07927
5,1,100,0.5,Tanh,0.01,200,4,256,26.023296
5,1,100,0.5,Sigmoid,0.01,200,4,256,16.734703
5,1,100,0.5,Softmax,0.01,200,4,256,36.39228
5,1,100,0.5,GELU,0.01,200,4,256,10.179489
5,1,100,0.5,ReLU,0.02,100,1,16,5.8962655
5,1,100,0.5,Tanh,0.02,100,1,16,20.063896
5,1,100,0.5,Sigmoid,0.02,100,1,16,22.068392
5,1,100,0.5,Softmax,0.02,100,1,16,36.172005
5,1,100,0.5,GELU,0.02,100,1,16,4.7932434
5,1,100,0.5,ReLU,0.02,100,2,16,6.8155613
5,1,100,0.5,Tanh,0.02,100,2,16,19.819157
5,1,100,0.5,Sigmoid,0.02,100,2,16,21.955154
5,1,100,0.5,Softmax,0.02,100,2,16,36.430183
5,1,100,0.5,GELU,0.02,100,2,16,6.9150825
5,1,100,0.5,ReLU,0.02,100,3,16,8.304914
5,1,100,0.5,Tanh,0.02,100,3,16,20.04613
5,1,100,0.5,Sigmoid,0.02,100,3,16,21.38398
5,1,100,0.5,Softmax,0.02,100,3,16,36.448547
5,1,100,0.5,GELU,0.02,100,3,16,9.066215
5,1,100,0.5,ReLU,0.02,100,4,16,13.755991
5,1,100,0.5,Tanh,0.02,100,4,16,19.805555
5,1,100,0.5,Sigmoid,0.02,100,4,16,21.73653
5,1,100,0.5,Softmax,0.02,100,4,16,36.153618
5,1,100,0.5,GELU,0.02,100,4,16,7.9585347
5,1,100,0.5,ReLU,0.02,100,1,32,3.6067548
5,1,100,0.5,Tanh,0.02,100,1,32,17.026861
5,1,100,0.5,Sigmoid,0.02,100,1,32,16.744024
5,1,100,0.5,Softmax,0.02,100,1,32,36.477882
5,1,100,0.5,GELU,0.02,100,1,32,2.1931896
5,1,100,0.5,ReLU,0.02,100,2,32,4.6257443
5,1,100,0.5,Tanh,0.02,100,2,32,17.73785
5,1,100,0.5,Sigmoid,0.02,100,2,32,16.78198
5,1,100,0.5,Softmax,0.02,100,2,32,36.400513
5,1,100,0.5,GELU,0.02,100,2,32,4.0475593
5,1,100,0.5,ReLU,0.02,100,3,32,9.345878
5,1,100,0.5,Tanh,0.02,100,3,32,17.647448
5,1,100,0.5,Sigmoid,0.02,100,3,32,16.81239
5,1,100,0.5,Softmax,0.02,100,3,32,36.229572
5,1,100,0.5,GELU,0.02,100,3,32,7.373964
5,1,100,0.5,ReLU,0.02,100,4,32,11.569969
5,1,100,0.5,Tanh,0.02,100,4,32,17.754263
5,1,100,0.5,Sigmoid,0.02,100,4,32,16.79969
5,1,100,0.5,Softmax,0.02,100,4,32,36.45519
5,1,100,0.5,GELU,0.02,100,4,32,4.815202
5,1,100,0.5,ReLU,0.02,100,1,64,1.1182531
5,1,100,0.5,Tanh,0.02,100,1,64,15.017282
5,1,100,0.5,Sigmoid,0.02,100,1,64,16.327753
5,1,100,0.5,Softmax,0.02,100,1,64,36.402042
5,1,100,0.5,GELU,0.02,100,1,64,1.3944238
5,1,100,0.5,ReLU,0.02,100,2,64,0.3480828
5,1,100,0.5,Tanh,0.02,100,2,64,25.350101
5,1,100,0.5,Sigmoid,0.02,100,2,64,16.767803
5,1,100,0.5,Softmax,0.02,100,2,64,36.28326
5,1,100,0.5,GELU,0.02,100,2,64,2.2693543
5,1,100,0.5,ReLU,0.02,100,3,64,8.457368
5,1,100,0.5,Tanh,0.02,100,3,64,25.395172
5,1,100,0.5,Sigmoid,0.02,100,3,64,16.76859
5,1,100,0.5,Softmax,0.02,100,3,64,36.22821
5,1,100,0.5,GELU,0.02,100,3,64,2.7802083
5,1,100,0.5,ReLU,0.02,100,4,64,4.7279973
5,1,100,0.5,Tanh,0.02,100,4,64,25.369284
5,1,100,0.5,Sigmoid,0.02,100,4,64,16.771599
5,1,100,0.5,Softmax,0.02,100,4,64,36.438572
5,1,100,0.5,GELU,0.02,100,4,64,3.8379676
5,1,100,0.5,ReLU,0.02,100,1,128,0.5981365
5,1,100,0.5,Tanh,0.02,100,1,128,20.301947
5,1,100,0.5,Sigmoid,0.02,100,1,128,16.544548
5,1,100,0.5,Softmax,0.02,100,1,128,36.362
5,1,100,0.5,GELU,0.02,100,1,128,0.9562104
5,1,100,0.5,ReLU,0.02,100,2,128,2.2277377
5,1,100,0.5,Tanh,0.02,100,2,128,25.58503
5,1,100,0.5,Sigmoid,0.02,100,2,128,16.74402
5,1,100,0.5,Softmax,0.02,100,2,128,36.3131
5,1,100,0.5,GELU,0.02,100,2,128,1.7085094
5,1,100,0.5,ReLU,0.02,100,3,128,2.0783553
5,1,100,0.5,Tanh,0.02,100,3,128,25.579369
5,1,100,0.5,Sigmoid,0.02,100,3,128,16.748913
5,1,100,0.5,Softmax,0.02,100,3,128,36.27803
5,1,100,0.5,GELU,0.02,100,3,128,2.5851204
5,1,100,0.5,ReLU,0.02,100,4,128,36.772213
5,1,100,0.5,Tanh,0.02,100,4,128,25.550879
5,1,100,0.5,Sigmoid,0.02,100,4,128,16.757332
5,1,100,0.5,Softmax,0.02,100,4,128,36.265106
5,1,100,0.5,GELU,0.02,100,4,128,2.688287
5,1,100,0.5,ReLU,0.02,100,1,256,0.51977074
5,1,100,0.5,Tanh,0.02,100,1,256,22.406424
5,1,100,0.5,Sigmoid,0.02,100,1,256,16.661217
5,1,100,0.5,Softmax,0.02,100,1,256,36.370667
5,1,100,0.5,GELU,0.02,100,1,256,0.3605991
5,1,100,0.5,ReLU,0.02,100,2,256,1.3016213
5,1,100,0.5,Tanh,0.02,100,2,256,22.565866
5,1,100,0.5,Sigmoid,0.02,100,2,256,16.738039
5,1,100,0.5,Softmax,0.02,100,2,256,36.3065
5,1,100,0.5,GELU,0.02,100,2,256,1.6944075
5,1,100,0.5,ReLU,0.02,100,3,256,18.625778
5,1,100,0.5,Tanh,0.02,100,3,256,25.992842
5,1,100,0.5,Sigmoid,0.02,100,3,256,16.740335
5,1,100,0.5,Softmax,0.02,100,3,256,36.32101
5,1,100,0.5,GELU,0.02,100,3,256,7.2265787
5,1,100,0.5,ReLU,0.02,100,4,256,20.392439
5,1,100,0.5,Tanh,0.02,100,4,256,21.616882
5,1,100,0.5,Sigmoid,0.02,100,4,256,16.735502
5,1,100,0.5,Softmax,0.02,100,4,256,36.28294
5,1,100,0.5,GELU,0.02,100,4,256,8.017296
5,1,100,0.5,ReLU,0.02,150,1,16,3.8982615
5,1,100,0.5,Tanh,0.02,150,1,16,14.084594
5,1,100,0.5,Sigmoid,0.02,150,1,16,17.781185
5,1,100,0.5,Softmax,0.02,150,1,16,34.638096
5,1,100,0.5,GELU,0.02,150,1,16,4.401933
5,1,100,0.5,ReLU,0.02,150,2,16,5.586279
5,1,100,0.5,Tanh,0.02,150,2,16,16.8308
5,1,100,0.5,Sigmoid,0.02,150,2,16,17.94145
5,1,100,0.5,Softmax,0.02,150,2,16,34.69681
5,1,100,0.5,GELU,0.02,150,2,16,6.4068556
5,1,100,0.5,ReLU,0.02,150,3,16,11.5737705
5,1,100,0.5,Tanh,0.02,150,3,16,16.784136
5,1,100,0.5,Sigmoid,0.02,150,3,16,18.086914
5,1,100,0.5,Softmax,0.02,150,3,16,34.736275
5,1,100,0.5,GELU,0.02,150,3,16,7.0296793
5,1,100,0.5,ReLU,0.02,150,4,16,13.223985
5,1,100,0.5,Tanh,0.02,150,4,16,16.830956
5,1,100,0.5,Sigmoid,0.02,150,4,16,18.093979
5,1,100,0.5,Softmax,0.02,150,4,16,34.861614
5,1,100,0.5,GELU,0.02,150,4,16,9.870119
5,1,100,0.5,ReLU,0.02,150,1,32,2.6540313
5,1,100,0.5,Tanh,0.02,150,1,32,11.789525
5,1,100,0.5,Sigmoid,0.02,150,1,32,13.961229
5,1,100,0.5,Softmax,0.02,150,1,32,34.64306
5,1,100,0.5,GELU,0.02,150,1,32,2.068329
5,1,100,0.5,ReLU,0.02,150,2,32,2.5708168
5,1,100,0.5,Tanh,0.02,150,2,32,10.768031
5,1,100,0.5,Sigmoid,0.02,150,2,32,16.7465
5,1,100,0.5,Softmax,0.02,150,2,32,34.56788
5,1,100,0.5,GELU,0.02,150,2,32,3.721739
5,1,100,0.5,ReLU,0.02,150,3,32,7.042462
5,1,100,0.5,Tanh,0.02,150,3,32,21.829206
5,1,100,0.5,Sigmoid,0.02,150,3,32,16.745413
5,1,100,0.5,Softmax,0.02,150,3,32,34.73541
5,1,100,0.5,GELU,0.02,150,3,32,5.2967014
5,1,100,0.5,ReLU,0.02,150,4,32,9.977307
5,1,100,0.5,Tanh,0.02,150,4,32,21.740263
5,1,100,0.5,Sigmoid,0.02,150,4,32,16.74771
5,1,100,0.5,Softmax,0.02,150,4,32,34.539803
5,1,100,0.5,GELU,0.02,150,4,32,4.05812
5,1,100,0.5,ReLU,0.02,150,1,64,1.6618268
5,1,100,0.5,Tanh,0.02,150,1,64,17.908905
5,1,100,0.5,Sigmoid,0.02,150,1,64,15.99558
5,1,100,0.5,Softmax,0.02,150,1,64,34.666748
5,1,100,0.5,GELU,0.02,150,1,64,1.1784282
5,1,100,0.5,ReLU,0.02,150,2,64,3.557128
5,1,100,0.5,Tanh,0.02,150,2,64,14.95823
5,1,100,0.5,Sigmoid,0.02,150,2,64,16.617859
5,1,100,0.5,Softmax,0.02,150,2,64,34.598946
5,1,100,0.5,GELU,0.02,150,2,64,2.2194977
5,1,100,0.5,ReLU,0.02,150,3,64,6.191043
5,1,100,0.5,Tanh,0.02,150,3,64,25.139658
5,1,100,0.5,Sigmoid,0.02,150,3,64,16.759722
5,1,100,0.5,Softmax,0.02,150,3,64,34.62544
5,1,100,0.5,GELU,0.02,150,3,64,3.646773
5,1,100,0.5,ReLU,0.02,150,4,64,8.343836
5,1,100,0.5,Tanh,0.02,150,4,64,25.061522
5,1,100,0.5,Sigmoid,0.02,150,4,64,16.754402
5,1,100,0.5,Softmax,0.02,150,4,64,34.713562
5,1,100,0.5,GELU,0.02,150,4,64,2.8591852
5,1,100,0.5,ReLU,0.02,150,1,128,1.153193
5,1,100,0.5,Tanh,0.02,150,1,128,20.990011
5,1,100,0.5,Sigmoid,0.02,150,1,128,16.460669
5,1,100,0.5,Softmax,0.02,150,1,128,34.72189
5,1,100,0.5,GELU,0.02,150,1,128,0.5912239
5,1,100,0.5,ReLU,0.02,150,2,128,1.4522449
5,1,100,0.5,Tanh,0.02,150,2,128,20.291296
5,1,100,0.5,Sigmoid,0.02,150,2,128,16.738276
5,1,100,0.5,Softmax,0.02,150,2,128,34.67334
5,1,100,0.5,GELU,0.02,150,2,128,1.6833307
5,1,100,0.5,ReLU,0.02,150,3,128,4.1104684
5,1,100,0.5,Tanh,0.02,150,3,128,20.832394
5,1,100,0.5,Sigmoid,0.02,150,3,128,16.733263
5,1,100,0.5,Softmax,0.02,150,3,128,34.66583
5,1,100,0.5,GELU,0.02,150,3,128,4.21191
5,1,100,0.5,ReLU,0.02,150,4,128,3.9956784
5,1,100,0.5,Tanh,0.02,150,4,128,25.605787
5,1,100,0.5,Sigmoid,0.02,150,4,128,16.74122
5,1,100,0.5,Softmax,0.02,150,4,128,34.605186
5,1,100,0.5,GELU,0.02,150,4,128,14.207562
5,1,100,0.5,ReLU,0.02,150,1,256,0.26841968
5,1,100,0.5,Tanh,0.02,150,1,256,23.04094
5,1,100,0.5,Sigmoid,0.02,150,1,256,15.732331
5,1,100,0.5,Softmax,0.02,150,1,256,34.732513
5,1,100,0.5,GELU,0.02,150,1,256,0.28949243
5,1,100,0.5,ReLU,0.02,150,2,256,1.3660978
5,1,100,0.5,Tanh,0.02,150,2,256,21.340118
5,1,100,0.5,Sigmoid,0.02,150,2,256,16.727707
5,1,100,0.5,Softmax,0.02,150,2,256,34.731636
5,1,100,0.5,GELU,0.02,150,2,256,3.4156072
5,1,100,0.5,ReLU,0.02,150,3,256,14.575291
5,1,100,0.5,Tanh,0.02,150,3,256,25.955399
5,1,100,0.5,Sigmoid,0.02,150,3,256,16.732086
5,1,100,0.5,Softmax,0.02,150,3,256,34.64317
5,1,100,0.5,GELU,0.02,150,3,256,3.195986
5,1,100,0.5,ReLU,0.02,150,4,256,37.273155
5,1,100,0.5,Tanh,0.02,150,4,256,25.863926
5,1,100,0.5,Sigmoid,0.02,150,4,256,16.732658
5,1,100,0.5,Softmax,0.02,150,4,256,34.668983
5,1,100,0.5,GELU,0.02,150,4,256,23.577826
5,1,100,0.5,ReLU,0.02,200,1,16,3.586804
5,1,100,0.5,Tanh,0.02,200,1,16,11.136331
5,1,100,0.5,Sigmoid,0.02,200,1,16,14.493861
5,1,100,0.5,Softmax,0.02,200,1,16,32.921043
5,1,100,0.5,GELU,0.02,200,1,16,4.4315214
5,1,100,0.5,ReLU,0.02,200,2,16,8.15799
5,1,100,0.5,Tanh,0.02,200,2,16,13.8389
5,1,100,0.5,Sigmoid,0.02,200,2,16,16.966618
5,1,100,0.5,Softmax,0.02,200,2,16,33.27661
5,1,100,0.5,GELU,0.02,200,2,16,5.6381383
5,1,100,0.5,ReLU,0.02,200,3,16,9.411746
5,1,100,0.5,Tanh,0.02,200,3,16,17.37138
5,1,100,0.5,Sigmoid,0.02,200,3,16,16.933187
5,1,100,0.5,Softmax,0.02,200,3,16,33.20675
5,1,100,0.5,GELU,0.02,200,3,16,7.5329757
5,1,100,0.5,ReLU,0.02,200,4,16,11.139538
5,1,100,0.5,Tanh,0.02,200,4,16,17.322134
5,1,100,0.5,Sigmoid,0.02,200,4,16,16.901886
5,1,100,0.5,Softmax,0.02,200,4,16,32.962624
5,1,100,0.5,GELU,0.02,200,4,16,5.2033596
5,1,100,0.5,ReLU,0.02,200,1,32,2.541362
5,1,100,0.5,Tanh,0.02,200,1,32,13.630845
5,1,100,0.5,Sigmoid,0.02,200,1,32,11.804243
5,1,100,0.5,Softmax,0.02,200,1,32,33.091293
5,1,100,0.5,GELU,0.02,200,1,32,1.9496166
5,1,100,0.5,ReLU,0.02,200,2,32,7.299245
5,1,100,0.5,Tanh,0.02,200,2,32,13.879018
5,1,100,0.5,Sigmoid,0.02,200,2,32,16.764908
5,1,100,0.5,Softmax,0.02,200,2,32,32.98876
5,1,100,0.5,GELU,0.02,200,2,32,2.9277809
5,1,100,0.5,ReLU,0.02,200,3,32,4.633687
5,1,100,0.5,Tanh,0.02,200,3,32,23.593948
5,1,100,0.5,Sigmoid,0.02,200,3,32,16.763977
5,1,100,0.5,Softmax,0.02,200,3,32,32.960392
5,1,100,0.5,GELU,0.02,200,3,32,3.6201234
5,1,100,0.5,ReLU,0.02,200,4,32,12.228008
5,1,100,0.5,Tanh,0.02,200,4,32,23.646544
5,1,100,0.5,Sigmoid,0.02,200,4,32,16.764936
5,1,100,0.5,Softmax,0.02,200,4,32,33.190132
5,1,100,0.5,GELU,0.02,200,4,32,6.0458274
5,1,100,0.5,ReLU,0.02,200,1,64,1.6953635
5,1,100,0.5,Tanh,0.02,200,1,64,18.821945
5,1,100,0.5,Sigmoid,0.02,200,1,64,15.444642
5,1,100,0.5,Softmax,0.02,200,1,64,33.036175
5,1,100,0.5,GELU,0.02,200,1,64,1.4907604
5,1,100,0.5,ReLU,0.02,200,2,64,3.565502
5,1,100,0.5,Tanh,0.02,200,2,64,17.37743
5,1,100,0.5,Sigmoid,0.02,200,2,64,16.75761
5,1,100,0.5,Softmax,0.02,200,2,64,33.067112
5,1,100,0.5,GELU,0.02,200,2,64,2.7576458
5,1,100,0.5,ReLU,0.02,200,3,64,3.6509743
5,1,100,0.5,Tanh,0.02,200,3,64,25.13318
5,1,100,0.5,Sigmoid,0.02,200,3,64,16.754696
5,1,100,0.5,Softmax,0.02,200,3,64,32.985565
5,1,100,0.5,GELU,0.02,200,3,64,2.7091153
5,1,100,0.5,ReLU,0.02,200,4,64,10.419479
5,1,100,0.5,Tanh,0.02,200,4,64,25.185753
5,1,100,0.5,Sigmoid,0.02,200,4,64,16.731693
5,1,100,0.5,Softmax,0.02,200,4,64,33.17318
5,1,100,0.5,GELU,0.02,200,4,64,2.5117953
5,1,100,0.5,ReLU,0.02,200,1,128,0.72257185
5,1,100,0.5,Tanh,0.02,200,1,128,21.557854
5,1,100,0.5,Sigmoid,0.02,200,1,128,15.91984
5,1,100,0.5,Softmax,0.02,200,1,128,33.115284
5,1,100,0.5,GELU,0.02,200,1,128,0.59367085
5,1,100,0.5,ReLU,0.02,200,2,128,2.259072
5,1,100,0.5,Tanh,0.02,200,2,128,21.650238
5,1,100,0.5,Sigmoid,0.02,200,2,128,16.734505
5,1,100,0.5,Softmax,0.02,200,2,128,33.059452
5,1,100,0.5,GELU,0.02,200,2,128,2.4962394
5,1,100,0.5,ReLU,0.02,200,3,128,1.5050423
5,1,100,0.5,Tanh,0.02,200,3,128,25.667782
5,1,100,0.5,Sigmoid,0.02,200,3,128,16.745235
5,1,100,0.5,Softmax,0.02,200,3,128,33.031765
5,1,100,0.5,GELU,0.02,200,3,128,4.461733
5,1,100,0.5,ReLU,0.02,200,4,128,23.78221
5,1,100,0.5,Tanh,0.02,200,4,128,25.646427
5,1,100,0.5,Sigmoid,0.02,200,4,128,16.73357
5,1,100,0.5,Softmax,0.02,200,4,128,33.065304
5,1,100,0.5,GELU,0.02,200,4,128,11.655956
5,1,100,0.5,ReLU,0.02,200,1,256,0.39609298
5,1,100,0.5,Tanh,0.02,200,1,256,22.982897
5,1,100,0.5,Sigmoid,0.02,200,1,256,16.499535
5,1,100,0.5,Softmax,0.02,200,1,256,33.135914
5,1,100,0.5,GELU,0.02,200,1,256,0.4151753
5,1,100,0.5,ReLU,0.02,200,2,256,2.304746
5,1,100,0.5,Tanh,0.02,200,2,256,22.960098
5,1,100,0.5,Sigmoid,0.02,200,2,256,16.725235
5,1,100,0.5,Softmax,0.02,200,2,256,33.13239
5,1,100,0.5,GELU,0.02,200,2,256,1.4415859
5,1,100,0.5,ReLU,0.02,200,3,256,11.674107
5,1,100,0.5,Tanh,0.02,200,3,256,21.869362
5,1,100,0.5,Sigmoid,0.02,200,3,256,16.728521
5,1,100,0.5,Softmax,0.02,200,3,256,33.09334
5,1,100,0.5,GELU,0.02,200,3,256,4.851324
5,1,100,0.5,ReLU,0.02,200,4,256,36.54803
5,1,100,0.5,Tanh,0.02,200,4,256,22.673227
5,1,100,0.5,Sigmoid,0.02,200,4,256,16.734499
5,1,100,0.5,Softmax,0.02,200,4,256,33.112335
5,1,100,0.5,GELU,0.02,200,4,256,10.605037
5,1,100,0.5,ReLU,0.05,100,1,16,2.938701
5,1,100,0.5,Tanh,0.05,100,1,16,19.561014
5,1,100,0.5,Sigmoid,0.05,100,1,16,15.401121
5,1,100,0.5,Softmax,0.05,100,1,16,31.674898
5,1,100,0.5,GELU,0.05,100,1,16,4.158678
5,1,100,0.5,ReLU,0.05,100,2,16,6.927081
5,1,100,0.5,Tanh,0.05,100,2,16,19.76117
5,1,100,0.5,Sigmoid,0.05,100,2,16,16.72873
5,1,100,0.5,Softmax,0.05,100,2,16,31.624983
5,1,100,0.5,GELU,0.05,100,2,16,6.393347
5,1,100,0.5,ReLU,0.05,100,3,16,10.880067
5,1,100,0.5,Tanh,0.05,100,3,16,19.951462
5,1,100,0.5,Sigmoid,0.05,100,3,16,16.73578
5,1,100,0.5,Softmax,0.05,100,3,16,31.579142
5,1,100,0.5,GELU,0.05,100,3,16,6.442485
5,1,100,0.5,ReLU,0.05,100,4,16,15.562911
5,1,100,0.5,Tanh,0.05,100,4,16,19.975357
5,1,100,0.5,Sigmoid,0.05,100,4,16,16.731781
5,1,100,0.5,Softmax,0.05,100,4,16,31.490372
5,1,100,0.5,GELU,0.05,100,4,16,6.9133406
5,1,100,0.5,ReLU,0.05,100,1,32,2.7885852
5,1,100,0.5,Tanh,0.05,100,1,32,14.294607
5,1,100,0.5,Sigmoid,0.05,100,1,32,16.28829
5,1,100,0.5,Softmax,0.05,100,1,32,31.55544
5,1,100,0.5,GELU,0.05,100,1,32,2.1011472
5,1,100,0.5,ReLU,0.05,100,2,32,6.6021385
5,1,100,0.5,Tanh,0.05,100,2,32,22.193121
5,1,100,0.5,Sigmoid,0.05,100,2,32,16.732922
5,1,100,0.5,Softmax,0.05,100,2,32,31.401577
5,1,100,0.5,GELU,0.05,100,2,32,2.5744634
5,1,100,0.5,ReLU,0.05,100,3,32,6.6399083
5,1,100,0.5,Tanh,0.05,100,3,32,24.38299
5,1,100,0.5,Sigmoid,0.05,100,3,32,16.726772
5,1,100,0.5,Softmax,0.05,100,3,32,31.47038
5,1,100,0.5,GELU,0.05,100,3,32,5.8531766
5,1,100,0.5,ReLU,0.05,100,4,32,21.480026
5,1,100,0.5,Tanh,0.05,100,4,32,24.359074
5,1,100,0.5,Sigmoid,0.05,100,4,32,16.731117
5,1,100,0.5,Softmax,0.05,100,4,32,31.45783
5,1,100,0.5,GELU,0.05,100,4,32,5.333658
5,1,100,0.5,ReLU,0.05,100,1,64,1.1878742
5,1,100,0.5,Tanh,0.05,100,1,64,17.191599
5,1,100,0.5,Sigmoid,0.05,100,1,64,16.150331
5,1,100,0.5,Softmax,0.05,100,1,64,31.473764
5,1,100,0.5,GELU,0.05,100,1,64,1.0891913
5,1,100,0.5,ReLU,0.05,100,2,64,5.926556
5,1,100,0.5,Tanh,0.05,100,2,64,25.27595
5,1,100,0.5,Sigmoid,0.05,100,2,64,16.730213
5,1,100,0.5,Softmax,0.05,100,2,64,31.558695
5,1,100,0.5,GELU,0.05,100,2,64,3.9317555
5,1,100,0.5,ReLU,0.05,100,3,64,5.9107547
5,1,100,0.5,Tanh,0.05,100,3,64,25.346426
5,1,100,0.5,Sigmoid,0.05,100,3,64,16.726355
5,1,100,0.5,Softmax,0.05,100,3,64,31.450525
5,1,100,0.5,GELU,0.05,100,3,64,10.284215
5,1,100,0.5,ReLU,0.05,100,4,64,17.567661
5,1,100,0.5,Tanh,0.05,100,4,64,25.281523
5,1,100,0.5,Sigmoid,0.05,100,4,64,16.728226
5,1,100,0.5,Softmax,0.05,100,4,64,31.5368
5,1,100,0.5,GELU,0.05,100,4,64,6.497713
5,1,100,0.5,ReLU,0.05,100,1,128,0.6207989
5,1,100,0.5,Tanh,0.05,100,1,128,22.2421
5,1,100,0.5,Sigmoid,0.05,100,1,128,16.496893
5,1,100,0.5,Softmax,0.05,100,1,128,31.446644
5,1,100,0.5,GELU,0.05,100,1,128,0.25611344
5,1,100,0.5,ReLU,0.05,100,2,128,14.478008
5,1,100,0.5,Tanh,0.05,100,2,128,21.036795
5,1,100,0.5,Sigmoid,0.05,100,2,128,16.715216
5,1,100,0.5,Softmax,0.05,100,2,128,31.508982
5,1,100,0.5,GELU,0.05,100,2,128,2.2011049
5,1,100,0.5,ReLU,0.05,100,3,128,36.024784
5,1,100,0.5,Tanh,0.05,100,3,128,21.268208
5,1,100,0.5,Sigmoid,0.05,100,3,128,16.709467
5,1,100,0.5,Softmax,0.05,100,3,128,31.526264
5,1,100,0.5,GELU,0.05,100,3,128,13.600434
5,1,100,0.5,ReLU,0.05,100,4,128,21.423567
5,1,100,0.5,Tanh,0.05,100,4,128,25.389683
5,1,100,0.5,Sigmoid,0.05,100,4,128,16.71911
5,1,100,0.5,Softmax,0.05,100,4,128,31.426779
5,1,100,0.5,GELU,0.05,100,4,128,19.208702
5,1,100,0.5,ReLU,0.05,100,1,256,0.19954993
5,1,100,0.5,Tanh,0.05,100,1,256,22.480852
5,1,100,0.5,Sigmoid,0.05,100,1,256,16.721071
5,1,100,0.5,Softmax,0.05,100,1,256,31.456844
5,1,100,0.5,GELU,0.05,100,1,256,0.6309455
5,1,100,0.5,ReLU,0.05,100,2,256,16.167984
5,1,100,0.5,Tanh,0.05,100,2,256,21.815235
5,1,100,0.5,Sigmoid,0.05,100,2,256,16.722685
5,1,100,0.5,Softmax,0.05,100,2,256,31.502981
5,1,100,0.5,GELU,0.05,100,2,256,6.569817
5,1,100,0.5,ReLU,0.05,100,3,256,39.14665
5,1,100,0.5,Tanh,0.05,100,3,256,25.897009
5,1,100,0.5,Sigmoid,0.05,100,3,256,16.724209
5,1,100,0.5,Softmax,0.05,100,3,256,31.541424
5,1,100,0.5,GELU,0.05,100,3,256,21.824184
5,1,100,0.5,ReLU,0.05,100,4,256,39.889606
5,1,100,0.5,Tanh,0.05,100,4,256,25.596268
5,1,100,0.5,Sigmoid,0.05,100,4,256,16.722403
5,1,100,0.5,Softmax,0.05,100,4,256,31.530758
5,1,100,0.5,GELU,0.05,100,4,256,22.02241
5,1,100,0.5,ReLU,0.05,150,1,16,3.8388543
5,1,100,0.5,Tanh,0.05,150,1,16,22.287722
5,1,100,0.5,Sigmoid,0.05,150,1,16,11.993222
5,1,100,0.5,Softmax,0.05,150,1,16,27.95677
5,1,100,0.5,GELU,0.05,150,1,16,2.6468687
5,1,100,0.5,ReLU,0.05,150,2,16,6.1304045
5,1,100,0.5,Tanh,0.05,150,2,16,22.2988
5,1,100,0.5,Sigmoid,0.05,150,2,16,16.75835
5,1,100,0.5,Softmax,0.05,150,2,16,27.908379
5,1,100,0.5,GELU,0.05,150,2,16,9.361548
5,1,100,0.5,ReLU,0.05,150,3,16,10.508406
5,1,100,0.5,Tanh,0.05,150,3,16,22.414288
5,1,100,0.5,Sigmoid,0.05,150,3,16,16.75815
5,1,100,0.5,Softmax,0.05,150,3,16,27.995134
5,1,100,0.5,GELU,0.05,150,3,16,6.941567
5,1,100,0.5,ReLU,0.05,150,4,16,13.308114
5,1,100,0.5,Tanh,0.05,150,4,16,22.295742
5,1,100,0.5,Sigmoid,0.05,150,4,16,16.754835
5,1,100,0.5,Softmax,0.05,150,4,16,28.04595
5,1,100,0.5,GELU,0.05,150,4,16,6.11484
5,1,100,0.5,ReLU,0.05,150,1,32,1.1727645
5,1,100,0.5,Tanh,0.05,150,1,32,16.988066
5,1,100,0.5,Sigmoid,0.05,150,1,32,15.944733
5,1,100,0.5,Softmax,0.05,150,1,32,28.020407
5,1,100,0.5,GELU,0.05,150,1,32,2.2987275
5,1,100,0.5,ReLU,0.05,150,2,32,6.748653
5,1,100,0.5,Tanh,0.05,150,2,32,17.195684
5,1,100,0.5,Sigmoid,0.05,150,2,32,16.74715
5,1,100,0.5,Softmax,0.05,150,2,32,28.173737
5,1,100,0.5,GELU,0.05,150,2,32,3.461785
5,1,100,0.5,ReLU,0.05,150,3,32,9.0200815
5,1,100,0.5,Tanh,0.05,150,3,32,24.092789
5,1,100,0.5,Sigmoid,0.05,150,3,32,16.75128
5,1,100,0.5,Softmax,0.05,150,3,32,28.151867
5,1,100,0.5,GELU,0.05,150,3,32,4.4137096
5,1,100,0.5,ReLU,0.05,150,4,32,14.681091
5,1,100,0.5,Tanh,0.05,150,4,32,16.771587
5,1,100,0.5,Sigmoid,0.05,150,4,32,16.746872
5,1,100,0.5,Softmax,0.05,150,4,32,28.155962
5,1,100,0.5,GELU,0.05,150,4,32,3.3004684
5,1,100,0.5,ReLU,0.05,150,1,64,1.7829874
5,1,100,0.5,Tanh,0.05,150,1,64,17.42941
5,1,100,0.5,Sigmoid,0.05,150,1,64,15.942781
5,1,100,0.5,Softmax,0.05,150,1,64,28.12336
5,1,100,0.5,GELU,0.05,150,1,64,1.903058
5,1,100,0.5,ReLU,0.05,150,2,64,0.95540726
5,1,100,0.5,Tanh,0.05,150,2,64,20.280035
5,1,100,0.5,Sigmoid,0.05,150,2,64,16.734373
5,1,100,0.5,Softmax,0.05,150,2,64,27.986631
5,1,100,0.5,GELU,0.05,150,2,64,1.5093304
5,1,100,0.5,ReLU,0.05,150,3,64,5.430636
5,1,100,0.5,Tanh,0.05,150,3,64,21.056532
5,1,100,0.5,Sigmoid,0.05,150,3,64,16.738611
5,1,100,0.5,Softmax,0.05,150,3,64,28.080585
5,1,100,0.5,GELU,0.05,150,3,64,3.8542452
5,1,100,0.5,ReLU,0.05,150,4,64,6.017394
5,1,100,0.5,Tanh,0.05,150,4,64,24.988352
5,1,100,0.5,Sigmoid,0.05,150,4,64,16.737442
5,1,100,0.5,Softmax,0.05,150,4,64,28.085909
5,1,100,0.5,GELU,0.05,150,4,64,3.14159
5,1,100,0.5,ReLU,0.05,150,1,128,0.34627014
5,1,100,0.5,Tanh,0.05,150,1,128,22.36628
5,1,100,0.5,Sigmoid,0.05,150,1,128,14.892826
5,1,100,0.5,Softmax,0.05,150,1,128,27.984327
5,1,100,0.5,GELU,0.05,150,1,128,0.6927592
5,1,100,0.5,ReLU,0.05,150,2,128,0.71556216
5,1,100,0.5,Tanh,0.05,150,2,128,22.297373
5,1,100,0.5,Sigmoid,0.05,150,2,128,16.724585
5,1,100,0.5,Softmax,0.05,150,2,128,27.990084
5,1,100,0.5,GELU,0.05,150,2,128,2.2485998
5,1,100,0.5,ReLU,0.05,150,3,128,24.00176
5,1,100,0.5,Tanh,0.05,150,3,128,25.4404
5,1,100,0.5,Sigmoid,0.05,150,3,128,16.722824
5,1,100,0.5,Softmax,0.05,150,3,128,28.050766
5,1,100,0.5,GELU,0.05,150,3,128,8.185792
5,1,100,0.5,ReLU,0.05,150,4,128,34.732063
5,1,100,0.5,Tanh,0.05,150,4,128,25.520975
5,1,100,0.5,Sigmoid,0.05,150,4,128,16.725668
5,1,100,0.5,Softmax,0.05,150,4,128,28.00727
5,1,100,0.5,GELU,0.05,150,4,128,16.688751
5,1,100,0.5,ReLU,0.05,150,1,256,1.2547454
5,1,100,0.5,Tanh,0.05,150,1,256,22.749987
5,1,100,0.5,Sigmoid,0.05,150,1,256,16.569948
5,1,100,0.5,Softmax,0.05,150,1,256,28.049154
5,1,100,0.5,GELU,0.05,150,1,256,0.18700194
5,1,100,0.5,ReLU,0.05,150,2,256,12.168499
5,1,100,0.5,Tanh,0.05,150,2,256,22.381191
5,1,100,0.5,Sigmoid,0.05,150,2,256,16.726255
5,1,100,0.5,Softmax,0.05,150,2,256,28.018541
5,1,100,0.5,GELU,0.05,150,2,256,2.3590019
5,1,100,0.5,ReLU,0.05,150,3,256,38.486664
5,1,100,0.5,Tanh,0.05,150,3,256,25.748167
5,1,100,0.5,Sigmoid,0.05,150,3,256,16.721338
5,1,100,0.5,Softmax,0.05,150,3,256,28.039366
5,1,100,0.5,GELU,0.05,150,3,256,20.717777
5,1,100,0.5,ReLU,0.05,150,4,256,39.823288
5,1,100,0.5,Tanh,0.05,150,4,256,22.64061
5,1,100,0.5,Sigmoid,0.05,150,4,256,16.719534
5,1,100,0.5,Softmax,0.05,150,4,256,28.088823
5,1,100,0.5,GELU,0.05,150,4,256,14.208624
5,1,100,0.5,ReLU,0.05,200,1,16,4.972556
5,1,100,0.5,Tanh,0.05,200,1,16,13.11917
5,1,100,0.5,Sigmoid,0.05,200,1,16,11.813213
5,1,100,0.5,Softmax,0.05,200,1,16,25.258215
5,1,100,0.5,GELU,0.05,200,1,16,5.179175
5,1,100,0.5,ReLU,0.05,200,2,16,6.375259
5,1,100,0.5,Tanh,0.05,200,2,16,13.148678
5,1,100,0.5,Sigmoid,0.05,200,2,16,16.750664
5,1,100,0.5,Softmax,0.05,200,2,16,25.072918
5,1,100,0.5,GELU,0.05,200,2,16,5.187305
5,1,100,0.5,ReLU,0.05,200,3,16,11.060876
5,1,100,0.5,Tanh,0.05,200,3,16,22.567661
5,1,100,0.5,Sigmoid,0.05,200,3,16,16.750738
5,1,100,0.5,Softmax,0.05,200,3,16,25.264095
5,1,100,0.5,GELU,0.05,200,3,16,3.389691
5,1,100,0.5,ReLU,0.05,200,4,16,12.980389
5,1,100,0.5,Tanh,0.05,200,4,16,22.541878
5,1,100,0.5,Sigmoid,0.05,200,4,16,16.751078
5,1,100,0.5,Softmax,0.05,200,4,16,25.225422
5,1,100,0.5,GELU,0.05,200,4,16,6.758559
5,1,100,0.5,ReLU,0.05,200,1,32,2.4188747
5,1,100,0.5,Tanh,0.05,200,1,32,18.058628
5,1,100,0.5,Sigmoid,0.05,200,1,32,14.874731
5,1,100,0.5,Softmax,0.05,200,1,32,25.07622
5,1,100,0.5,GELU,0.05,200,1,32,1.8801134
5,1,100,0.5,ReLU,0.05,200,2,32,9.601797
5,1,100,0.5,Tanh,0.05,200,2,32,16.02244
5,1,100,0.5,Sigmoid,0.05,200,2,32,16.75805
5,1,100,0.5,Softmax,0.05,200,2,32,25.213974
5,1,100,0.5,GELU,0.05,200,2,32,2.547434
5,1,100,0.5,ReLU,0.05,200,3,32,8.020132
5,1,100,0.5,Tanh,0.05,200,3,32,24.009468
5,1,100,0.5,Sigmoid,0.05,200,3,32,16.74705
5,1,100,0.5,Softmax,0.05,200,3,32,25.12174
5,1,100,0.5,GELU,0.05,200,3,32,4.194693
5,1,100,0.5,ReLU,0.05,200,4,32,6.433677
5,1,100,0.5,Tanh,0.05,200,4,32,24.007978
5,1,100,0.5,Sigmoid,0.05,200,4,32,16.74697
5,1,100,0.5,Softmax,0.05,200,4,32,25.155905
5,1,100,0.5,GELU,0.05,200,4,32,4.351931
5,1,100,0.5,ReLU,0.05,200,1,64,1.5516914
5,1,100,0.5,Tanh,0.05,200,1,64,24.947626
5,1,100,0.5,Sigmoid,0.05,200,1,64,15.234222
5,1,100,0.5,Softmax,0.05,200,1,64,25.228376
5,1,100,0.5,GELU,0.05,200,1,64,0.9556606
5,1,100,0.5,ReLU,0.05,200,2,64,2.2627282
5,1,100,0.5,Tanh,0.05,200,2,64,20.44106
5,1,100,0.5,Sigmoid,0.05,200,2,64,16.742876
5,1,100,0.5,Softmax,0.05,200,2,64,25.082533
5,1,100,0.5,GELU,0.05,200,2,64,4.5137467
5,1,100,0.5,ReLU,0.05,200,3,64,2.346219
5,1,100,0.5,Tanh,0.05,200,3,64,20.69418
5,1,100,0.5,Sigmoid,0.05,200,3,64,16.723288
5,1,100,0.5,Softmax,0.05,200,3,64,25.116167
5,1,100,0.5,GELU,0.05,200,3,64,5.5725293
5,1,100,0.5,ReLU,0.05,200,4,64,32.39699
5,1,100,0.5,Tanh,0.05,200,4,64,19.81059
5,1,100,0.5,Sigmoid,0.05,200,4,64,16.732462
5,1,100,0.5,Softmax,0.05,200,4,64,25.127449
5,1,100,0.5,GELU,0.05,200,4,64,2.5775552
5,1,100,0.5,ReLU,0.05,200,1,128,0.46601993
5,1,100,0.5,Tanh,0.05,200,1,128,21.577253
5,1,100,0.5,Sigmoid,0.05,200,1,128,15.841426
5,1,100,0.5,Softmax,0.05,200,1,128,25.101875
5,1,100,0.5,GELU,0.05,200,1,128,0.73841226
5,1,100,0.5,ReLU,0.05,200,2,128,4.126875
5,1,100,0.5,Tanh,0.05,200,2,128,25.382406
5,1,100,0.5,Sigmoid,0.05,200,2,128,16.715607
5,1,100,0.5,Softmax,0.05,200,2,128,25.104376
5,1,100,0.5,GELU,0.05,200,2,128,6.1033845
5,1,100,0.5,ReLU,0.05,200,3,128,32.24541
5,1,100,0.5,Tanh,0.05,200,3,128,25.425636
5,1,100,0.5,Sigmoid,0.05,200,3,128,16.720898
5,1,100,0.5,Softmax,0.05,200,3,128,25.123123
5,1,100,0.5,GELU,0.05,200,3,128,11.393633
5,1,100,0.5,ReLU,0.05,200,4,128,35.455364
5,1,100,0.5,Tanh,0.05,200,4,128,24.197824
5,1,100,0.5,Sigmoid,0.05,200,4,128,16.72281
5,1,100,0.5,Softmax,0.05,200,4,128,25.139307
5,1,100,0.5,GELU,0.05,200,4,128,6.408409
5,1,100,0.5,ReLU,0.05,200,1,256,0.106414385
5,1,100,0.5,Tanh,0.05,200,1,256,22.295937
5,1,100,0.5,Sigmoid,0.05,200,1,256,16.720098
5,1,100,0.5,Softmax,0.05,200,1,256,25.120018
5,1,100,0.5,GELU,0.05,200,1,256,0.33941776
5,1,100,0.5,ReLU,0.05,200,2,256,12.14605
5,1,100,0.5,Tanh,0.05,200,2,256,21.836306
5,1,100,0.5,Sigmoid,0.05,200,2,256,16.715332
5,1,100,0.5,Softmax,0.05,200,2,256,25.161186
5,1,100,0.5,GELU,0.05,200,2,256,1.9949206
5,1,100,0.5,ReLU,0.05,200,3,256,36.77884
5,1,100,0.5,Tanh,0.05,200,3,256,25.828728
5,1,100,0.5,Sigmoid,0.05,200,3,256,16.717567
5,1,100,0.5,Softmax,0.05,200,3,256,25.109802
5,1,100,0.5,GELU,0.05,200,3,256,16.341103
5,1,100,0.5,ReLU,0.05,200,4,256,39.48926
5,1,100,0.5,Tanh,0.05,200,4,256,25.773666
5,1,100,0.5,Sigmoid,0.05,200,4,256,16.721912
5,1,100,0.5,Softmax,0.05,200,4,256,25.091873
5,1,100,0.5,GELU,0.05,200,4,256,23.795992
5,1,100,0.5,ReLU,0.1,100,1,16,6.349062
5,1,100,0.5,Tanh,0.1,100,1,16,22.666292
5,1,100,0.5,Sigmoid,0.1,100,1,16,16.113121
5,1,100,0.5,Softmax,0.1,100,1,16,24.9853
5,1,100,0.5,GELU,0.1,100,1,16,3.603536
5,1,100,0.5,ReLU,0.1,100,2,16,6.9007177
5,1,100,0.5,Tanh,0.1,100,2,16,22.594122
5,1,100,0.5,Sigmoid,0.1,100,2,16,16.735794
5,1,100,0.5,Softmax,0.1,100,2,16,25.047163
5,1,100,0.5,GELU,0.1,100,2,16,4.1648192
5,1,100,0.5,ReLU,0.1,100,3,16,12.069706
5,1,100,0.5,Tanh,0.1,100,3,16,15.833242
5,1,100,0.5,Sigmoid,0.1,100,3,16,16.73798
5,1,100,0.5,Softmax,0.1,100,3,16,24.803158
5,1,100,0.5,GELU,0.1,100,3,16,7.575786
5,1,100,0.5,ReLU,0.1,100,4,16,18.055946
5,1,100,0.5,Tanh,0.1,100,4,16,22.420837
5,1,100,0.5,Sigmoid,0.1,100,4,16,16.736458
5,1,100,0.5,Softmax,0.1,100,4,16,25.0617
5,1,100,0.5,GELU,0.1,100,4,16,7.831246
5,1,100,0.5,ReLU,0.1,100,1,32,1.1146836
5,1,100,0.5,Tanh,0.1,100,1,32,24.155586
5,1,100,0.5,Sigmoid,0.1,100,1,32,15.371399
5,1,100,0.5,Softmax,0.1,100,1,32,24.932917
5,1,100,0.5,GELU,0.1,100,1,32,2.1266108
5,1,100,0.5,ReLU,0.1,100,2,32,5.233556
5,1,100,0.5,Tanh,0.1,100,2,32,22.233044
5,1,100,0.5,Sigmoid,0.1,100,2,32,16.724117
5,1,100,0.5,Softmax,0.1,100,2,32,24.87845
5,1,100,0.5,GELU,0.1,100,2,32,3.9823492
5,1,100,0.5,ReLU,0.1,100,3,32,7.136568
5,1,100,0.5,Tanh,0.1,100,3,32,24.14103
5,1,100,0.5,Sigmoid,0.1,100,3,32,16.720474
5,1,100,0.5,Softmax,0.1,100,3,32,24.85727
5,1,100,0.5,GELU,0.1,100,3,32,5.8937335
5,1,100,0.5,ReLU,0.1,100,4,32,13.793097
5,1,100,0.5,Tanh,0.1,100,4,32,24.197412
5,1,100,0.5,Sigmoid,0.1,100,4,32,16.7267
5,1,100,0.5,Softmax,0.1,100,4,32,24.884327
5,1,100,0.5,GELU,0.1,100,4,32,9.701368
5,1,100,0.5,ReLU,0.1,100,1,64,1.6605494
5,1,100,0.5,Tanh,0.1,100,1,64,20.348076
5,1,100,0.5,Sigmoid,0.1,100,1,64,16.72613
5,1,100,0.5,Softmax,0.1,100,1,64,24.95172
5,1,100,0.5,GELU,0.1,100,1,64,2.0227282
5,1,100,0.5,ReLU,0.1,100,2,64,9.127514
5,1,100,0.5,Tanh,0.1,100,2,64,19.574366
5,1,100,0.5,Sigmoid,0.1,100,2,64,16.726181
5,1,100,0.5,Softmax,0.1,100,2,64,24.902647
5,1,100,0.5,GELU,0.1,100,2,64,1.518372
5,1,100,0.5,ReLU,0.1,100,3,64,25.26074
5,1,100,0.5,Tanh,0.1,100,3,64,24.914574
5,1,100,0.5,Sigmoid,0.1,100,3,64,16.716194
5,1,100,0.5,Softmax,0.1,100,3,64,24.829884
5,1,100,0.5,GELU,0.1,100,3,64,7.6225753
5,1,100,0.5,ReLU,0.1,100,4,64,35.39665
5,1,100,0.5,Tanh,0.1,100,4,64,24.742487
5,1,100,0.5,Sigmoid,0.1,100,4,64,16.731815
5,1,100,0.5,Softmax,0.1,100,4,64,24.84057
5,1,100,0.5,GELU,0.1,100,4,64,8.64559
5,1,100,0.5,ReLU,0.1,100,1,128,1.0735896
5,1,100,0.5,Tanh,0.1,100,1,128,21.131632
5,1,100,0.5,Sigmoid,0.1,100,1,128,16.717962
5,1,100,0.5,Softmax,0.1,100,1,128,24.922369
5,1,100,0.5,GELU,0.1,100,1,128,1.4717222
5,1,100,0.5,ReLU,0.1,100,2,128,8.596638
5,1,100,0.5,Tanh,0.1,100,2,128,20.741806
5,1,100,0.5,Sigmoid,0.1,100,2,128,16.719677
5,1,100,0.5,Softmax,0.1,100,2,128,24.861525
5,1,100,0.5,GELU,0.1,100,2,128,10.139843
5,1,100,0.5,ReLU,0.1,100,3,128,37.167103
5,1,100,0.5,Tanh,0.1,100,3,128,21.723116
5,1,100,0.5,Sigmoid,0.1,100,3,128,16.717575
5,1,100,0.5,Softmax,0.1,100,3,128,24.826279
5,1,100,0.5,GELU,0.1,100,3,128,15.503523
5,1,100,0.5,ReLU,0.1,100,4,128,39.569897
5,1,100,0.5,Tanh,0.1,100,4,128,25.657412
5,1,100,0.5,Sigmoid,0.1,100,4,128,16.715376
5,1,100,0.5,Softmax,0.1,100,4,128,24.8373
5,1,100,0.5,GELU,0.1,100,4,128,16.718103
5,1,100,0.5,ReLU,0.1,100,1,256,1.8598014
5,1,100,0.5,Tanh,0.1,100,1,256,22.365967
5,1,100,0.5,Sigmoid,0.1,100,1,256,16.71012
5,1,100,0.5,Softmax,0.1,100,1,256,24.903173
5,1,100,0.5,GELU,0.1,100,1,256,1.9939312
5,1,100,0.5,ReLU,0.1,100,2,256,12.1530075
5,1,100,0.5,Tanh,0.1,100,2,256,22.149532
5,1,100,0.5,Sigmoid,0.1,100,2,256,16.708984
5,1,100,0.5,Softmax,0.1,100,2,256,24.861807
5,1,100,0.5,GELU,0.1,100,2,256,16.715763
5,1,100,0.5,ReLU,0.1,100,3,256,13.095579
5,1,100,0.5,Tanh,0.1,100,3,256,25.588943
5,1,100,0.5,Sigmoid,0.1,100,3,256,16.709805
5,1,100,0.5,Softmax,0.1,100,3,256,24.849026
5,1,100,0.5,GELU,0.1,100,3,256,29.04364
5,1,100,0.5,ReLU,0.1,100,4,256,40.24725
5,1,100,0.5,Tanh,0.1,100,4,256,25.495815
5,1,100,0.5,Sigmoid,0.1,100,4,256,16.708193
5,1,100,0.5,Softmax,0.1,100,4,256,24.84193
5,1,100,0.5,GELU,0.1,100,4,256,39.92979
5,1,100,0.5,ReLU,0.1,150,1,16,4.627642
5,1,100,0.5,Tanh,0.1,150,1,16,15.396009
5,1,100,0.5,Sigmoid,0.1,150,1,16,11.789385
5,1,100,0.5,Softmax,0.1,150,1,16,20.768572
5,1,100,0.5,GELU,0.1,150,1,16,2.8612795
5,1,100,0.5,ReLU,0.1,150,2,16,7.1344686
5,1,100,0.5,Tanh,0.1,150,2,16,16.865211
5,1,100,0.5,Sigmoid,0.1,150,2,16,16.74655
5,1,100,0.5,Softmax,0.1,150,2,16,20.649868
5,1,100,0.5,GELU,0.1,150,2,16,6.151239
5,1,100,0.5,ReLU,0.1,150,3,16,11.478668
5,1,100,0.5,Tanh,0.1,150,3,16,22.261286
5,1,100,0.5,Sigmoid,0.1,150,3,16,16.738926
5,1,100,0.5,Softmax,0.1,150,3,16,20.704723
5,1,100,0.5,GELU,0.1,150,3,16,4.8747644
5,1,100,0.5,ReLU,0.1,150,4,16,12.75359
5,1,100,0.5,Tanh,0.1,150,4,16,22.352606
5,1,100,0.5,Sigmoid,0.1,150,4,16,16.744432
5,1,100,0.5,Softmax,0.1,150,4,16,20.727854
5,1,100,0.5,GELU,0.1,150,4,16,5.735171
5,1,100,0.5,ReLU,0.1,150,1,32,2.1193955
5,1,100,0.5,Tanh,0.1,150,1,32,23.805454
5,1,100,0.5,Sigmoid,0.1,150,1,32,14.60458
5,1,100,0.5,Softmax,0.1,150,1,32,20.696096
5,1,100,0.5,GELU,0.1,150,1,32,1.128548
5,1,100,0.5,ReLU,0.1,150,2,32,4.22364
5,1,100,0.5,Tanh,0.1,150,2,32,18.202066
5,1,100,0.5,Sigmoid,0.1,150,2,32,16.73194
5,1,100,0.5,Softmax,0.1,150,2,32,20.653341
5,1,100,0.5,GELU,0.1,150,2,32,3.771292
5,1,100,0.5,ReLU,0.1,150,3,32,28.673784
5,1,100,0.5,Tanh,0.1,150,3,32,23.74292
5,1,100,0.5,Sigmoid,0.1,150,3,32,16.747356
5,1,100,0.5,Softmax,0.1,150,3,32,20.575436
5,1,100,0.5,GELU,0.1,150,3,32,3.616075
5,1,100,0.5,ReLU,0.1,150,4,32,30.52448
5,1,100,0.5,Tanh,0.1,150,4,32,23.855362
5,1,100,0.5,Sigmoid,0.1,150,4,32,16.725386
5,1,100,0.5,Softmax,0.1,150,4,32,20.688477
5,1,100,0.5,GELU,0.1,150,4,32,5.6262302
5,1,100,0.5,ReLU,0.1,150,1,64,0.3220274
5,1,100,0.5,Tanh,0.1,150,1,64,19.820292
5,1,100,0.5,Sigmoid,0.1,150,1,64,14.358092
5,1,100,0.5,Softmax,0.1,150,1,64,20.591854
5,1,100,0.5,GELU,0.1,150,1,64,2.210311
5,1,100,0.5,ReLU,0.1,150,2,64,12.233876
5,1,100,0.5,Tanh,0.1,150,2,64,21.73889
5,1,100,0.5,Sigmoid,0.1,150,2,64,16.714706
5,1,100,0.5,Softmax,0.1,150,2,64,20.649763
5,1,100,0.5,GELU,0.1,150,2,64,7.08546
5,1,100,0.5,ReLU,0.1,150,3,64,28.26453
5,1,100,0.5,Tanh,0.1,150,3,64,24.717926
5,1,100,0.5,Sigmoid,0.1,150,3,64,16.7291
5,1,100,0.5,Softmax,0.1,150,3,64,20.686874
5,1,100,0.5,GELU,0.1,150,3,64,3.5998788
5,1,100,0.5,ReLU,0.1,150,4,64,28.22428
5,1,100,0.5,Tanh,0.1,150,4,64,19.82413
5,1,100,0.5,Sigmoid,0.1,150,4,64,16.72037
5,1,100,0.5,Softmax,0.1,150,4,64,20.634958
5,1,100,0.5,GELU,0.1,150,4,64,6.365821
5,1,100,0.5,ReLU,0.1,150,1,128,0.6145912
5,1,100,0.5,Tanh,0.1,150,1,128,20.787306
5,1,100,0.5,Sigmoid,0.1,150,1,128,16.7158
5,1,100,0.5,Softmax,0.1,150,1,128,20.642157
5,1,100,0.5,GELU,0.1,150,1,128,0.65854275
5,1,100,0.5,ReLU,0.1,150,2,128,16.081686
5,1,100,0.5,Tanh,0.1,150,2,128,21.135054
5,1,100,0.5,Sigmoid,0.1,150,2,128,16.710962
5,1,100,0.5,Softmax,0.1,150,2,128,20.589643
5,1,100,0.5,GELU,0.1,150,2,128,3.9961438
5,1,100,0.5,ReLU,0.1,150,3,128,37.289692
5,1,100,0.5,Tanh,0.1,150,3,128,25.169579
5,1,100,0.5,Sigmoid,0.1,150,3,128,16.714058
5,1,100,0.5,Softmax,0.1,150,3,128,20.595032
5,1,100,0.5,GELU,0.1,150,3,128,12.323491
5,1,100,0.5,ReLU,0.1,150,4,128,39.04743
5,1,100,0.5,Tanh,0.1,150,4,128,22.394403
5,1,100,0.5,Sigmoid,0.1,150,4,128,16.717861
5,1,100,0.5,Softmax,0.1,150,4,128,20.61327
5,1,100,0.5,GELU,0.1,150,4,128,23.09518
5,1,100,0.5,ReLU,0.1,150,1,256,1.9168465
5,1,100,0.5,Tanh,0.1,150,1,256,22.239334
5,1,100,0.5,Sigmoid,0.1,150,1,256,16.714087
5,1,100,0.5,Softmax,0.1,150,1,256,20.59907
5,1,100,0.5,GELU,0.1,150,1,256,4.8699436
5,1,100,0.5,ReLU,0.1,150,2,256,14.744054
5,1,100,0.5,Tanh,0.1,150,2,256,21.980309
5,1,100,0.5,Sigmoid,0.1,150,2,256,16.708952
5,1,100,0.5,Softmax,0.1,150,2,256,20.589592
5,1,100,0.5,GELU,0.1,150,2,256,11.493597
5,1,100,0.5,ReLU,0.1,150,3,256,39.975418
5,1,100,0.5,Tanh,0.1,150,3,256,25.888533
5,1,100,0.5,Sigmoid,0.1,150,3,256,16.714052
5,1,100,0.5,Softmax,0.1,150,3,256,20.590649
5,1,100,0.5,GELU,0.1,150,3,256,34.738495
5,1,100,0.5,ReLU,0.1,150,4,256,40.269657
5,1,100,0.5,Tanh,0.1,150,4,256,22.072319
5,1,100,0.5,Sigmoid,0.1,150,4,256,16.710289
5,1,100,0.5,Softmax,0.1,150,4,256,20.635353
5,1,100,0.5,GELU,0.1,150,4,256,37.62766
5,1,100,0.5,ReLU,0.1,200,1,16,4.35581
5,1,100,0.5,Tanh,0.1,200,1,16,21.92436
5,1,100,0.5,Sigmoid,0.1,200,1,16,13.754811
5,1,100,0.5,Softmax,0.1,200,1,16,18.314022
5,1,100,0.5,GELU,0.1,200,1,16,4.1503654
5,1,100,0.5,ReLU,0.1,200,2,16,5.7871976
5,1,100,0.5,Tanh,0.1,200,2,16,16.19954
5,1,100,0.5,Sigmoid,0.1,200,2,16,16.752783
5,1,100,0.5,Softmax,0.1,200,2,16,18.390963
5,1,100,0.5,GELU,0.1,200,2,16,3.7235842
5,1,100,0.5,ReLU,0.1,200,3,16,12.41546
5,1,100,0.5,Tanh,0.1,200,3,16,18.349558
5,1,100,0.5,Sigmoid,0.1,200,3,16,16.754017
5,1,100,0.5,Softmax,0.1,200,3,16,18.326902
5,1,100,0.5,GELU,0.1,200,3,16,5.2701187
5,1,100,0.5,ReLU,0.1,200,4,16,9.846909
5,1,100,0.5,Tanh,0.1,200,4,16,22.025532
5,1,100,0.5,Sigmoid,0.1,200,4,16,16.743607
5,1,100,0.5,Softmax,0.1,200,4,16,18.277908
5,1,100,0.5,GELU,0.1,200,4,16,8.864987
5,1,100,0.5,ReLU,0.1,200,1,32,1.2850522
5,1,100,0.5,Tanh,0.1,200,1,32,23.73855
5,1,100,0.5,Sigmoid,0.1,200,1,32,13.547163
5,1,100,0.5,Softmax,0.1,200,1,32,18.325344
5,1,100,0.5,GELU,0.1,200,1,32,1.2223065
5,1,100,0.5,ReLU,0.1,200,2,32,5.1860876
5,1,100,0.5,Tanh,0.1,200,2,32,18.23899
5,1,100,0.5,Sigmoid,0.1,200,2,32,16.729868
5,1,100,0.5,Softmax,0.1,200,2,32,18.334738
5,1,100,0.5,GELU,0.1,200,2,32,3.5518005
5,1,100,0.5,ReLU,0.1,200,3,32,5.6946673
5,1,100,0.5,Tanh,0.1,200,3,32,19.82288
5,1,100,0.5,Sigmoid,0.1,200,3,32,16.741282
5,1,100,0.5,Softmax,0.1,200,3,32,18.350836
5,1,100,0.5,GELU,0.1,200,3,32,2.3918345
5,1,100,0.5,ReLU,0.1,200,4,32,27.850233
5,1,100,0.5,Tanh,0.1,200,4,32,17.58382
5,1,100,0.5,Sigmoid,0.1,200,4,32,16.746532
5,1,100,0.5,Softmax,0.1,200,4,32,18.381186
5,1,100,0.5,GELU,0.1,200,4,32,2.7681315
5,1,100,0.5,ReLU,0.1,200,1,64,1.0734669
5,1,100,0.5,Tanh,0.1,200,1,64,20.121367
5,1,100,0.5,Sigmoid,0.1,200,1,64,13.235537
5,1,100,0.5,Softmax,0.1,200,1,64,18.330011
5,1,100,0.5,GELU,0.1,200,1,64,1.1351074
5,1,100,0.5,ReLU,0.1,200,2,64,12.145126
5,1,100,0.5,Tanh,0.1,200,2,64,19.967388
5,1,100,0.5,Sigmoid,0.1,200,2,64,16.719015
5,1,100,0.5,Softmax,0.1,200,2,64,18.327396
5,1,100,0.5,GELU,0.1,200,2,64,3.0601356
5,1,100,0.5,ReLU,0.1,200,3,64,17.78761
5,1,100,0.5,Tanh,0.1,200,3,64,18.997019
5,1,100,0.5,Sigmoid,0.1,200,3,64,16.717365
5,1,100,0.5,Softmax,0.1,200,3,64,18.32715
5,1,100,0.5,GELU,0.1,200,3,64,6.7918572
5,1,100,0.5,ReLU,0.1,200,4,64,26.57436
5,1,100,0.5,Tanh,0.1,200,4,64,20.931044
5,1,100,0.5,Sigmoid,0.1,200,4,64,16.72908
5,1,100,0.5,Softmax,0.1,200,4,64,18.348389
5,1,100,0.5,GELU,0.1,200,4,64,2.8089013
5,1,100,0.5,ReLU,0.1,200,1,128,0.9177542
5,1,100,0.5,Tanh,0.1,200,1,128,21.83668
5,1,100,0.5,Sigmoid,0.1,200,1,128,16.712553
5,1,100,0.5,Softmax,0.1,200,1,128,18.290085
5,1,100,0.5,GELU,0.1,200,1,128,1.5345387
5,1,100,0.5,ReLU,0.1,200,2,128,10.484104
5,1,100,0.5,Tanh,0.1,200,2,128,20.38253
5,1,100,0.5,Sigmoid,0.1,200,2,128,16.71431
5,1,100,0.5,Softmax,0.1,200,2,128,18.312288
5,1,100,0.5,GELU,0.1,200,2,128,4.185075
5,1,100,0.5,ReLU,0.1,200,3,128,32.274837
5,1,100,0.5,Tanh,0.1,200,3,128,25.908651
5,1,100,0.5,Sigmoid,0.1,200,3,128,16.714823
5,1,100,0.5,Softmax,0.1,200,3,128,18.313623
5,1,100,0.5,GELU,0.1,200,3,128,9.184934
5,1,100,0.5,ReLU,0.1,200,4,128,37.836872
5,1,100,0.5,Tanh,0.1,200,4,128,20.312622
5,1,100,0.5,Sigmoid,0.1,200,4,128,16.71297
5,1,100,0.5,Softmax,0.1,200,4,128,18.333979
5,1,100,0.5,GELU,0.1,200,4,128,11.080176
5,1,100,0.5,ReLU,0.1,200,1,256,5.1638417
5,1,100,0.5,Tanh,0.1,200,1,256,21.607372
5,1,100,0.5,Sigmoid,0.1,200,1,256,16.710009
5,1,100,0.5,Softmax,0.1,200,1,256,18.287191
5,1,100,0.5,GELU,0.1,200,1,256,1.0953746
5,1,100,0.5,ReLU,0.1,200,2,256,9.740257
5,1,100,0.5,Tanh,0.1,200,2,256,21.768927
5,1,100,0.5,Sigmoid,0.1,200,2,256,16.709938
5,1,100,0.5,Softmax,0.1,200,2,256,18.287163
5,1,100,0.5,GELU,0.1,200,2,256,5.237707
5,1,100,0.5,ReLU,0.1,200,3,256,15.652715
5,1,100,0.5,Tanh,0.1,200,3,256,25.485365
5,1,100,0.5,Sigmoid,0.1,200,3,256,16.713402
5,1,100,0.5,Softmax,0.1,200,3,256,18.295551
5,1,100,0.5,GELU,0.1,200,3,256,37.66509
5,1,100,0.5,ReLU,0.1,200,4,256,40.19829
5,1,100,0.5,Tanh,0.1,200,4,256,25.550644
5,1,100,0.5,Sigmoid,0.1,200,4,256,16.710733
5,1,100,0.5,Softmax,0.1,200,4,256,18.298368
5,1,100,0.5,GELU,0.1,200,4,256,16.797285
5,1,100,0.5,ReLU,0.15,100,1,16,5.97332
5,1,100,0.5,Tanh,0.15,100,1,16,22.21819
5,1,100,0.5,Sigmoid,0.15,100,1,16,16.113163
5,1,100,0.5,Softmax,0.15,100,1,16,20.341284
5,1,100,0.5,GELU,0.15,100,1,16,3.8578734
5,1,100,0.5,ReLU,0.15,100,2,16,9.853402
5,1,100,0.5,Tanh,0.15,100,2,16,15.074712
5,1,100,0.5,Sigmoid,0.15,100,2,16,16.744858
5,1,100,0.5,Softmax,0.15,100,2,16,20.489962
5,1,100,0.5,GELU,0.15,100,2,16,5.1463056
5,1,100,0.5,ReLU,0.15,100,3,16,17.340954
5,1,100,0.5,Tanh,0.15,100,3,16,19.665108
5,1,100,0.5,Sigmoid,0.15,100,3,16,16.74087
5,1,100,0.5,Softmax,0.15,100,3,16,20.436028
5,1,100,0.5,GELU,0.15,100,3,16,5.2073526
5,1,100,0.5,ReLU,0.15,100,4,16,28.96107
5,1,100,0.5,Tanh,0.15,100,4,16,22.20703
5,1,100,0.5,Sigmoid,0.15,100,4,16,16.750381
5,1,100,0.5,Softmax,0.15,100,4,16,20.414722
5,1,100,0.5,GELU,0.15,100,4,16,5.1770825
5,1,100,0.5,ReLU,0.15,100,1,32,2.0387459
5,1,100,0.5,Tanh,0.15,100,1,32,23.813606
5,1,100,0.5,Sigmoid,0.15,100,1,32,14.867387
5,1,100,0.5,Softmax,0.15,100,1,32,20.313847
5,1,100,0.5,GELU,0.15,100,1,32,2.4013011
5,1,100,0.5,ReLU,0.15,100,2,32,4.3950686
5,1,100,0.5,Tanh,0.15,100,2,32,23.833506
5,1,100,0.5,Sigmoid,0.15,100,2,32,16.736061
5,1,100,0.5,Softmax,0.15,100,2,32,20.320467
5,1,100,0.5,GELU,0.15,100,2,32,4.4685173
5,1,100,0.5,ReLU,0.15,100,3,32,29.997272
5,1,100,0.5,Tanh,0.15,100,3,32,23.912663
5,1,100,0.5,Sigmoid,0.15,100,3,32,16.72809
5,1,100,0.5,Softmax,0.15,100,3,32,20.350676
5,1,100,0.5,GELU,0.15,100,3,32,11.769651
5,1,100,0.5,ReLU,0.15,100,4,32,28.435871
5,1,100,0.5,Tanh,0.15,100,4,32,23.727251
5,1,100,0.5,Sigmoid,0.15,100,4,32,16.738108
5,1,100,0.5,Softmax,0.15,100,4,32,20.3997
5,1,100,0.5,GELU,0.15,100,4,32,7.4962187
5,1,100,0.5,ReLU,0.15,100,1,64,0.83413243
5,1,100,0.5,Tanh,0.15,100,1,64,21.072609
5,1,100,0.5,Sigmoid,0.15,100,1,64,14.217913
5,1,100,0.5,Softmax,0.15,100,1,64,20.431147
5,1,100,0.5,GELU,0.15,100,1,64,4.313731
5,1,100,0.5,ReLU,0.15,100,2,64,13.158243
5,1,100,0.5,Tanh,0.15,100,2,64,19.339157
5,1,100,0.5,Sigmoid,0.15,100,2,64,16.711477
5,1,100,0.5,Softmax,0.15,100,2,64,20.401932
5,1,100,0.5,GELU,0.15,100,2,64,11.734637
5,1,100,0.5,ReLU,0.15,100,3,64,33.62838
5,1,100,0.5,Tanh,0.15,100,3,64,24.717518
5,1,100,0.5,Sigmoid,0.15,100,3,64,16.714973
5,1,100,0.5,Softmax,0.15,100,3,64,20.408945
5,1,100,0.5,GELU,0.15,100,3,64,15.813347
5,1,100,0.5,ReLU,0.15,100,4,64,36.32638
5,1,100,0.5,Tanh,0.15,100,4,64,20.935448
5,1,100,0.5,Sigmoid,0.15,100,4,64,16.720947
5,1,100,0.5,Softmax,0.15,100,4,64,20.4179
5,1,100,0.5,GELU,0.15,100,4,64,17.105188
5,1,100,0.5,ReLU,0.15,100,1,128,2.3268774
5,1,100,0.5,Tanh,0.15,100,1,128,21.179861
5,1,100,0.5,Sigmoid,0.15,100,1,128,16.71441
5,1,100,0.5,Softmax,0.15,100,1,128,20.377733
5,1,100,0.5,GELU,0.15,100,1,128,1.2414404
5,1,100,0.5,ReLU,0.15,100,2,128,9.347571
5,1,100,0.5,Tanh,0.15,100,2,128,20.949133
5,1,100,0.5,Sigmoid,0.15,100,2,128,16.70796
5,1,100,0.5,Softmax,0.15,100,2,128,20.343054
5,1,100,0.5,GELU,0.15,100,2,128,12.55188
5,1,100,0.5,ReLU,0.15,100,3,128,13.767565
5,1,100,0.5,Tanh,0.15,100,3,128,25.343811
5,1,100,0.5,Sigmoid,0.15,100,3,128,16.70838
5,1,100,0.5,Softmax,0.15,100,3,128,20.405863
5,1,100,0.5,GELU,0.15,100,3,128,26.790886
5,1,100,0.5,ReLU,0.15,100,4,128,40.399426
5,1,100,0.5,Tanh,0.15,100,4,128,22.448866
5,1,100,0.5,Sigmoid,0.15,100,4,128,16.71333
5,1,100,0.5,Softmax,0.15,100,4,128,20.352417
5,1,100,0.5,GELU,0.15,100,4,128,10.237385
5,1,100,0.5,ReLU,0.15,100,1,256,4.73342
5,1,100,0.5,Tanh,0.15,100,1,256,21.756765
5,1,100,0.5,Sigmoid,0.15,100,1,256,16.712399
5,1,100,0.5,Softmax,0.15,100,1,256,20.380928
5,1,100,0.5,GELU,0.15,100,1,256,1.3721672
5,1,100,0.5,ReLU,0.15,100,2,256,16.701551
5,1,100,0.5,Tanh,0.15,100,2,256,22.393997
5,1,100,0.5,Sigmoid,0.15,100,2,256,16.720026
5,1,100,0.5,Softmax,0.15,100,2,256,20.367641
5,1,100,0.5,GELU,0.15,100,2,256,21.606272
5,1,100,0.5,ReLU,0.15,100,3,256,18.252897
5,1,100,0.5,Tanh,0.15,100,3,256,25.430489
5,1,100,0.5,Sigmoid,0.15,100,3,256,16.710505
5,1,100,0.5,Softmax,0.15,100,3,256,20.37029
5,1,100,0.5,GELU,0.15,100,3,256,38.062298
5,1,100,0.5,ReLU,0.15,100,4,256,40.50468
5,1,100,0.5,Tanh,0.15,100,4,256,25.12776
5,1,100,0.5,Sigmoid,0.15,100,4,256,16.715422
5,1,100,0.5,Softmax,0.15,100,4,256,20.37044
5,1,100,0.5,GELU,0.15,100,4,256,37.46889
5,1,100,0.5,ReLU,0.15,150,1,16,6.1893578
5,1,100,0.5,Tanh,0.15,150,1,16,21.88304
5,1,100,0.5,Sigmoid,0.15,150,1,16,15.632068
5,1,100,0.5,Softmax,0.15,150,1,16,17.585394
5,1,100,0.5,GELU,0.15,150,1,16,3.8445063
5,1,100,0.5,ReLU,0.15,150,2,16,8.390523
5,1,100,0.5,Tanh,0.15,150,2,16,19.968256
5,1,100,0.5,Sigmoid,0.15,150,2,16,16.744766
5,1,100,0.5,Softmax,0.15,150,2,16,17.579739
5,1,100,0.5,GELU,0.15,150,2,16,7.131231
5,1,100,0.5,ReLU,0.15,150,3,16,13.962447
5,1,100,0.5,Tanh,0.15,150,3,16,21.808575
5,1,100,0.5,Sigmoid,0.15,150,3,16,16.735855
5,1,100,0.5,Softmax,0.15,150,3,16,17.571833
5,1,100,0.5,GELU,0.15,150,3,16,8.703711
5,1,100,0.5,ReLU,0.15,150,4,16,17.149086
5,1,100,0.5,Tanh,0.15,150,4,16,14.611411
5,1,100,0.5,Sigmoid,0.15,150,4,16,16.753466
5,1,100,0.5,Softmax,0.15,150,4,16,17.53102
5,1,100,0.5,GELU,0.15,150,4,16,9.065232
5,1,100,0.5,ReLU,0.15,150,1,32,2.7494125
5,1,100,0.5,Tanh,0.15,150,1,32,23.578817
5,1,100,0.5,Sigmoid,0.15,150,1,32,13.54808
5,1,100,0.5,Softmax,0.15,150,1,32,17.586193
5,1,100,0.5,GELU,0.15,150,1,32,2.8407712
5,1,100,0.5,ReLU,0.15,150,2,32,4.921522
5,1,100,0.5,Tanh,0.15,150,2,32,23.225576
5,1,100,0.5,Sigmoid,0.15,150,2,32,16.723167
5,1,100,0.5,Softmax,0.15,150,2,32,17.542137
5,1,100,0.5,GELU,0.15,150,2,32,5.5256023
5,1,100,0.5,ReLU,0.15,150,3,32,14.010609
5,1,100,0.5,Tanh,0.15,150,3,32,23.303555
5,1,100,0.5,Sigmoid,0.15,150,3,32,16.742466
5,1,100,0.5,Softmax,0.15,150,3,32,17.566029
5,1,100,0.5,GELU,0.15,150,3,32,2.9975982
5,1,100,0.5,ReLU,0.15,150,4,32,24.887417
5,1,100,0.5,Tanh,0.15,150,4,32,23.234394
5,1,100,0.5,Sigmoid,0.15,150,4,32,16.729809
5,1,100,0.5,Softmax,0.15,150,4,32,17.549017
5,1,100,0.5,GELU,0.15,150,4,32,11.385072
5,1,100,0.5,ReLU,0.15,150,1,64,0.9266986
5,1,100,0.5,Tanh,0.15,150,1,64,19.248215
5,1,100,0.5,Sigmoid,0.15,150,1,64,15.580807
5,1,100,0.5,Softmax,0.15,150,1,64,17.52903
5,1,100,0.5,GELU,0.15,150,1,64,2.9055238
5,1,100,0.5,ReLU,0.15,150,2,64,7.1720023
5,1,100,0.5,Tanh,0.15,150,2,64,20.373053
5,1,100,0.5,Sigmoid,0.15,150,2,64,16.72656
5,1,100,0.5,Softmax,0.15,150,2,64,17.555185
5,1,100,0.5,GELU,0.15,150,2,64,5.7391076
5,1,100,0.5,ReLU,0.15,150,3,64,27.696478
5,1,100,0.5,Tanh,0.15,150,3,64,20.09152
5,1,100,0.5,Sigmoid,0.15,150,3,64,16.714075
5,1,100,0.5,Softmax,0.15,150,3,64,17.56155
5,1,100,0.5,GELU,0.15,150,3,64,2.4334445
5,1,100,0.5,ReLU,0.15,150,4,64,38.45903
5,1,100,0.5,Tanh,0.15,150,4,64,24.289825
5,1,100,0.5,Sigmoid,0.15,150,4,64,16.715624
5,1,100,0.5,Softmax,0.15,150,4,64,17.55212
5,1,100,0.5,GELU,0.15,150,4,64,9.627697
5,1,100,0.5,ReLU,0.15,150,1,128,0.8062941
5,1,100,0.5,Tanh,0.15,150,1,128,21.298037
5,1,100,0.5,Sigmoid,0.15,150,1,128,16.711834
5,1,100,0.5,Softmax,0.15,150,1,128,17.532885
5,1,100,0.5,GELU,0.15,150,1,128,2.430231
5,1,100,0.5,ReLU,0.15,150,2,128,13.132512
5,1,100,0.5,Tanh,0.15,150,2,128,25.024122
5,1,100,0.5,Sigmoid,0.15,150,2,128,16.709398
5,1,100,0.5,Softmax,0.15,150,2,128,17.521633
5,1,100,0.5,GELU,0.15,150,2,128,6.62212
5,1,100,0.5,ReLU,0.15,150,3,128,16.855352
5,1,100,0.5,Tanh,0.15,150,3,128,22.089016
5,1,100,0.5,Sigmoid,0.15,150,3,128,16.712769
5,1,100,0.5,Softmax,0.15,150,3,128,17.531025
5,1,100,0.5,GELU,0.15,150,3,128,18.39087
5,1,100,0.5,ReLU,0.15,150,4,128,40.032196
5,1,100,0.5,Tanh,0.15,150,4,128,25.17783
5,1,100,0.5,Sigmoid,0.15,150,4,128,16.714745
5,1,100,0.5,Softmax,0.15,150,4,128,17.541426
5,1,100,0.5,GELU,0.15,150,4,128,36.507587
5,1,100,0.5,ReLU,0.15,150,1,256,4.4131365
5,1,100,0.5,Tanh,0.15,150,1,256,22.379145
5,1,100,0.5,Sigmoid,0.15,150,1,256,16.709774
5,1,100,0.5,Softmax,0.15,150,1,256,17.531578
5,1,100,0.5,GELU,0.15,150,1,256,0.4841566
5,1,100,0.5,ReLU,0.15,150,2,256,17.046402
5,1,100,0.5,Tanh,0.15,150,2,256,22.288147
5,1,100,0.5,Sigmoid,0.15,150,2,256,16.709093
5,1,100,0.5,Softmax,0.15,150,2,256,17.533237
5,1,100,0.5,GELU,0.15,150,2,256,21.652388
5,1,100,0.5,ReLU,0.15,150,3,256,40.398285
5,1,100,0.5,Tanh,0.15,150,3,256,25.33031
5,1,100,0.5,Sigmoid,0.15,150,3,256,16.710335
5,1,100,0.5,Softmax,0.15,150,3,256,17.5268
5,1,100,0.5,GELU,0.15,150,3,256,39.079243
5,1,100,0.5,ReLU,0.15,150,4,256,40.442318
5,1,100,0.5,Tanh,0.15,150,4,256,22.458414
5,1,100,0.5,Sigmoid,0.15,150,4,256,16.711271
5,1,100,0.5,Softmax,0.15,150,4,256,17.525764
5,1,100,0.5,GELU,0.15,150,4,256,22.406101
5,1,100,0.5,ReLU,0.15,200,1,16,3.7206132
5,1,100,0.5,Tanh,0.15,200,1,16,13.081791
5,1,100,0.5,Sigmoid,0.15,200,1,16,11.642141
5,1,100,0.5,Softmax,0.15,200,1,16,16.866316
5,1,100,0.5,GELU,0.15,200,1,16,3.561993
5,1,100,0.5,ReLU,0.15,200,2,16,8.114098
5,1,100,0.5,Tanh,0.15,200,2,16,16.987228
5,1,100,0.5,Sigmoid,0.15,200,2,16,16.749535
5,1,100,0.5,Softmax,0.15,200,2,16,16.856354
5,1,100,0.5,GELU,0.15,200,2,16,2.1311374
5,1,100,0.5,ReLU,0.15,200,3,16,12.095304
5,1,100,0.5,Tanh,0.15,200,3,16,21.567791
5,1,100,0.5,Sigmoid,0.15,200,3,16,16.7353
5,1,100,0.5,Softmax,0.15,200,3,16,16.867682
5,1,100,0.5,GELU,0.15,200,3,16,7.2765265
5,1,100,0.5,ReLU,0.15,200,4,16,16.423815
5,1,100,0.5,Tanh,0.15,200,4,16,21.3251
5,1,100,0.5,Sigmoid,0.15,200,4,16,16.739357
5,1,100,0.5,Softmax,0.15,200,4,16,16.860275
5,1,100,0.5,GELU,0.15,200,4,16,8.885963
5,1,100,0.5,ReLU,0.15,200,1,32,3.3477545
5,1,100,0.5,Tanh,0.15,200,1,32,23.133646
5,1,100,0.5,Sigmoid,0.15,200,1,32,10.66942
5,1,100,0.5,Softmax,0.15,200,1,32,16.86747
5,1,100,0.5,GELU,0.15,200,1,32,2.5766487
5,1,100,0.5,ReLU,0.15,200,2,32,9.542545
5,1,100,0.5,Tanh,0.15,200,2,32,16.950937
5,1,100,0.5,Sigmoid,0.15,200,2,32,16.735153
5,1,100,0.5,Softmax,0.15,200,2,32,16.856392
5,1,100,0.5,GELU,0.15,200,2,32,8.305959
5,1,100,0.5,ReLU,0.15,200,3,32,20.98735
5,1,100,0.5,Tanh,0.15,200,3,32,23.01368
5,1,100,0.5,Sigmoid,0.15,200,3,32,16.724363
5,1,100,0.5,Softmax,0.15,200,3,32,16.86696
5,1,100,0.5,GELU,0.15,200,3,32,6.3016953
5,1,100,0.5,ReLU,0.15,200,4,32,21.055853
5,1,100,0.5,Tanh,0.15,200,4,32,16.307154
5,1,100,0.5,Sigmoid,0.15,200,4,32,16.732174
5,1,100,0.5,Softmax,0.15,200,4,32,16.860575
5,1,100,0.5,GELU,0.15,200,4,32,10.592308
5,1,100,0.5,ReLU,0.15,200,1,64,1.7707541
5,1,100,0.5,Tanh,0.15,200,1,64,19.502056
5,1,100,0.5,Sigmoid,0.15,200,1,64,14.13041
5,1,100,0.5,Softmax,0.15,200,1,64,16.85607
5,1,100,0.5,GELU,0.15,200,1,64,2.506433
5,1,100,0.5,ReLU,0.15,200,2,64,12.255123
5,1,100,0.5,Tanh,0.15,200,2,64,19.30236
5,1,100,0.5,Sigmoid,0.15,200,2,64,16.712408
5,1,100,0.5,Softmax,0.15,200,2,64,16.852867
5,1,100,0.5,GELU,0.15,200,2,64,2.8883908
5,1,100,0.5,ReLU,0.15,200,3,64,16.439785
5,1,100,0.5,Tanh,0.15,200,3,64,17.670797
5,1,100,0.5,Sigmoid,0.15,200,3,64,16.706955
5,1,100,0.5,Softmax,0.15,200,3,64,16.857603
5,1,100,0.5,GELU,0.15,200,3,64,4.6634254
5,1,100,0.5,ReLU,0.15,200,4,64,34.95359
5,1,100,0.5,Tanh,0.15,200,4,64,24.318121
5,1,100,0.5,Sigmoid,0.15,200,4,64,16.710835
5,1,100,0.5,Softmax,0.15,200,4,64,16.851093
5,1,100,0.5,GELU,0.15,200,4,64,16.744764
5,1,100,0.5,ReLU,0.15,200,1,128,0.73996484
5,1,100,0.5,Tanh,0.15,200,1,128,20.652884
5,1,100,0.5,Sigmoid,0.15,200,1,128,16.707832
5,1,100,0.5,Softmax,0.15,200,1,128,16.850863
5,1,100,0.5,GELU,0.15,200,1,128,1.0583047
5,1,100,0.5,ReLU,0.15,200,2,128,11.092871
5,1,100,0.5,Tanh,0.15,200,2,128,21.473185
5,1,100,0.5,Sigmoid,0.15,200,2,128,16.70963
5,1,100,0.5,Softmax,0.15,200,2,128,16.850285
5,1,100,0.5,GELU,0.15,200,2,128,3.0580916
5,1,100,0.5,ReLU,0.15,200,3,128,37.005333
5,1,100,0.5,Tanh,0.15,200,3,128,25.163145
5,1,100,0.5,Sigmoid,0.15,200,3,128,16.712837
5,1,100,0.5,Softmax,0.15,200,3,128,16.849367
5,1,100,0.5,GELU,0.15,200,3,128,22.240816
5,1,100,0.5,ReLU,0.15,200,4,128,18.572344
5,1,100,0.5,Tanh,0.15,200,4,128,24.499119
5,1,100,0.5,Sigmoid,0.15,200,4,128,16.71005
5,1,100,0.5,Softmax,0.15,200,4,128,16.848652
5,1,100,0.5,GELU,0.15,200,4,128,16.834055
5,1,100,0.5,ReLU,0.15,200,1,256,2.7135274
5,1,100,0.5,Tanh,0.15,200,1,256,22.168627
5,1,100,0.5,Sigmoid,0.15,200,1,256,16.705193
5,1,100,0.5,Softmax,0.15,200,1,256,16.847286
5,1,100,0.5,GELU,0.15,200,1,256,0.7267347
5,1,100,0.5,ReLU,0.15,200,2,256,12.372517
5,1,100,0.5,Tanh,0.15,200,2,256,25.661213
5,1,100,0.5,Sigmoid,0.15,200,2,256,16.707355
5,1,100,0.5,Softmax,0.15,200,2,256,16.845531
5,1,100,0.5,GELU,0.15,200,2,256,20.691593
5,1,100,0.5,ReLU,0.15,200,3,256,15.611351
5,1,100,0.5,Tanh,0.15,200,3,256,25.39372
5,1,100,0.5,Sigmoid,0.15,200,3,256,16.703917
5,1,100,0.5,Softmax,0.15,200,3,256,16.848972
5,1,100,0.5,GELU,0.15,200,3,256,38.358852
5,1,100,0.5,ReLU,0.15,200,4,256,40.477665
5,1,100,0.5,Tanh,0.15,200,4,256,25.003998
5,1,100,0.5,Sigmoid,0.15,200,4,256,16.708527
5,1,100,0.5,Softmax,0.15,200,4,256,16.84489
5,1,100,0.5,GELU,0.15,200,4,256,40.00876
